cd	track	track_title	recording_title	chorale	recording_id
1	1	Schwing. dich auf zu deinem Gott (Cantata BWV40)	Schwing' dich auf zu deinem Gott, Cantata BWV 40	305	f92fa5a3-dbb9-4404-a009-d8aa5e923cb5
1	2	Seelenbräutigam BWV409	Seelenbräutigam, BWV 409	306	276cb079-d2d2-459f-85c2-cf81c51af314
1	3	Singen wir aus Herzensgrund (Cantata BWV187)	Singen wir aus Herzensgrund, Cantata BWV 187	308	7fa8754a-0698-40df-96f6-1f43415aab5e
1	4	Singt dem Herrn ein neues Lied BWV411	Singt dem Herrn ein neues Lied, BWV 411	309	f79a760c-3ad2-4cfa-abec-6342682bc041
1	5	Sollt. ich meinem Gott nicht singen BWV413	Sollt' ich meinem Gott nicht singen, BWV 413	311	107bb433-e048-43a0-acc0-c138dc8b4fa0
1	6	Straf mich nicht in deinem Zorn (Cantata BWV115)	Straf mich nicht in deinem Zorn, Cantata BWV 115	312	46a600b8-0e90-4e47-994a-913c0be6053f
1	7	Valet will ich dir geben BWV415	Valet will ich dir geben, BWV 415	314	a42b5893-e1b1-4536-b162-df048be8a299
1	8	Vater unser im Himmelreich (Cantata BWV90)	Vater unser im Himmelreich, Cantata BWV 90	319	69e14f02-2f29-488e-b5a0-b2a2a88e64b3
1	9	Vater unser im Himmelreich (Cantata BWV102)	Vater unser im Himmelreich, Cantata BWV 102	320	fd7b3eea-df73-4c36-bc4d-55238c4c6cc2
1	10	Von Gott will ich nicht lassen BWV417	Von Gott will ich nicht lassen, BWV 417	324	72f3f707-f85d-4409-bf24-0bf127cbd612
1	11	Von Gott will ich nicht lassen BWV418	Von Gott will ich nicht lassen, BWV 418	325	f17e9ef9-c258-458c-857d-c4baba146897
1	12	Von Gott will ich nicht lassen BWV419	Von Gott will ich nicht lassen, BWV 419	326	1daf1955-b34f-4114-83ec-d52ce1e0a96e
1	13	Von Gott will ich nicht lassen Zunfinished cantata)	Von Gott will ich nicht lassen, Unfinished Cantata	327	77661453-efdc-4a7e-a3a5-9449adc44af5
1	14	Von Gott will ich nicht lassen (Cantata BWV73)	Von Gott will ich nicht lassen, BWV 73	328	cd6b539f-2163-428b-b698-5665971467e4
1	15	Wär. Gott nicht mit uns diese Zeit (Cantata BWV14)	Wär' Gott nicht mit uns diese Zeit, Cantata BWV 14	330	24582306-f3c4-4e3e-b290-b64ee1cd985d
1	16	Warum betrübst du dich, mein Herz BWV420	Warum betrübst du dich, mein Herz, BWV 420	331	c140875a-952a-487f-a425-763eeaa90d18
1	17	Warum betrübst du dich, mein Herz (Cantata BWV47)	Warum betrübst du dich, mein Herz, BWV 47	333	1a085197-9e8a-44b9-b7f6-2d25a6045d20
1	18	Warum sollt. ich mich denn grämen BWV422	Warum sollt' ich mich denn grämen, BWV 422	334	f4e9224f-ad35-4293-be8c-3ace82756807
1	19	Was betrübst du dich, mein Herze BWV423	Was betrübst du dich, mein Herze, BWV 425	336	7f8b032d-34c9-4c30-b9e4-fd0268b9c425
1	20	Was bist du doch, o Seele, so betrübet BWV424	Was bist du doch, o Seele, so betrübet, BWV 424	337	dec89b4a-5803-4839-9c33-ff37b3bc36eb
1	21	Was Gott thut, das ist wohlgethan (Cantata BWV144)	Was Gott thut, das ist wohlgethan, Cantata BWV 144	338	836ffae6-6952-4b18-9f26-2a64f938b289
1	22	Was Gott thut, das ist wohlgethan (Cantata BWV99)	Was Gott thut, das ist wohlgethan, Cantata BWV 99	341	8ea0ea58-2ff3-4d7b-b566-aa4331cca0cf
1	23	Was mein Gott will, das g.scheh. allzeit (Matthäus-Passion BWV244)	Was mein Gott will, das g'scheh' allzeit, St. Mathew Passion BWV 244	342	5b08ff76-ee04-4652-bff6-fe9401e9e40a
1	24	Was mein Gott will, das g.scheh. allzeit (Cantata BWV144)	Was mein Gott will, das g'scheh' allzeit, Cantata BWV 144	343	a576d6ff-e17a-4387-9139-15c36ff0c104
1	25	Was mein Gott will, das g.scheh. allzeit (Cantata BWV72)	Was mein Gott will, das g'scheh' allzeit, Cantata BWV 72	344	5730fd88-f0da-44b5-b681-d4b2c1a5a6c5
1	26	Was mein Gott will, das g.scheh. allzeit (Cantata BWV111)	Was mein Gott will, das g'scheh' allzeit, Cantata BWV 111	345	ee6324f7-8e7e-4874-ae3f-f1f6e30ca9eb
1	27	Was mein Gott will, das g.scheh. allzeit (Cantata BWV65)	Was mein Gott will, das g'scheh' allzeit, Cantata BWV 65	346	ebe0dd22-e557-4990-8f8b-aabe62eb254f
1	28	Was mein Gott will, das g.scheh. allzeit (Cantata BWV92)	Was mein Gott will, das g'scheh' allzeit, Cantata BWV 92	347	b84f24bb-3e38-49cd-8ddc-41a87d62d68e
1	29	Was mein Gott will, das g.scheh. allzeit (Cantata BWV103)	Was mein Gott will, das g'scheh' allzeit, Cantata BWV 103	348	901e3c82-07ff-4681-81eb-5025480db5bc
1	30	Was willst du dich, o meine Seele BWV425	Was willst du dich, o meine Seele, BWV 425	349	bb6a0bdc-3cc2-4cc0-b586-adafb2190f5a
1	31	Weltlich Ehr. und zeitlich Gut BWV426	Weltlich Ehr' und zeitlich Gut, BWV 426	351	7e9c0ded-65e1-4dd3-ae44-f20ee3433d04
1	32	Wenn ich in Angst und Noth BWV427	Wenn ich in Angst und Noth, BWV 427	352	8a55032e-faf4-4015-b1e3-44dade79688d
1	33	Wenn mein Stündlein vorhanden ist BWV430	Wenn mein Stündlein vorhanden ist, BWV 430	355	a05afb05-2e8a-4dc9-b766-e39114e25e67
1	34	Wenn wir in höchsten Nöthen sein BWV431	Wenn wir in höchsten Nöthen sein, BWV 431	358	d082df32-df04-4b89-aed8-6d55cc4d4687
1	35	Wenn wir in höchsten Nöthen sein BWV432	Wenn wir in höchsten Nöthen sein, BWV 432	359	8a5c3ff8-acc6-4bf5-b219-788b47d8000c
1	36	Werde munter, mein Gemüthe (Cantata BWV146)	Werde munter, mein Gemüthe, Cantata BWV 146	360	aa1b01e8-d126-4544-8122-51b8fde8847c
1	37	Werde munter, mein Gemüthe (Matthäus-Passion)	Werde munter, mein Gemüthe, St. Mathew Passion BWV 244	361	543f4654-dcdd-40bf-aa8f-699cc7c13071
1	38	Werde munter, mein Gemüthe BWV360	Werde munter, mein Gemüthe, BWV 360	364	2e6ed2cb-f6eb-4438-bcc0-96bc6427ad98
1	39	Werde munter, mein Gemüthe (Cantata BWV154)	Werde munter, mein Gemüthe, Cantata BWV 154	365	223c9acc-aec3-428f-8d06-7d961c9569ea
1	40	Wer Gott vertraut, hat wohlgebaut BWV433	Wer Gott vertraut, hat wohlgebaut, BWV 433	366	bad0addc-0310-4cb0-bbe9-3a8a6ea92de0
1	41	Wer nur den lieben Gott läßt walten BWV434	Wer nur den lieben Gott läßt walten, BWV 434	367	3e58f9be-beda-4f3b-953b-5f2c26dd73ad
1	42	Wer nur den lieben Gott läßt walten (Cantata BWV88)	Wer nur den lieben Gott läßt walten, Cantata BWV 88	368	51c1d458-e834-475e-8625-611f7408dc33
1	43	Wer nur den lieben Gott läßt walten BWV197	Wer nur den lieben Gott läßt walten, BWV 197	370	4415503a-f8e3-43e2-8b58-f8702ac47543
1	44	Wer nur den lieben Gott läßt walten (Cantata BWV179)	Wer nur den lieben Gott läßt walten, Cantata BWV 179	371	e57019d4-dee8-4fb3-8b56-642d8f581a1b
1	45	Wer nur den lieben Gott läßt walten (Cantata BWV166)	Wer nur den lieben Gott läßt walten, Cantata BWV 166	372	4bf442d8-8239-4427-9551-6afd00302e24
1	46	Wer nur den lieben Gott läßt walten (Cantata BWV84)	Wer nur den lieben Gott läßt walten, Cantata BWV 84	373	c5f6d61f-fb97-4cf4-b0fc-0c21dcbf79de
1	47	Wie bist du, Seele, in mir so gar betrübt BWV435	Wie bist du, Seele, in mir so gar betrübt, BWV 435	374	bf7450ad-cc16-43ec-8b2e-be790ab00111
1	48	Wie schön leuchtet der Morgenstern (Cantata BWV36)	Wie schön leuchtet der Morgenstern, Cantata BWV 36	377	ed5328fd-9b05-4812-9f43-54cb20242c39
1	49	Wo Gott der Herr nicht bei uns hält BWV258	Wo Gott der Herr nicht bei uns hält, BWV258	383	6a43daa4-63cc-48cf-9c8f-02d39f9337be
1	50	Wo Gott der Herr nicht bei uns hält (Cantata BWV178)	Wo Gott der Herr nicht bei uns hält, Cnatata BWV 178	384	e11560d8-0fe4-4be5-950c-8dd80a05e017
1	51	Wo Gott der Herr nicht bei uns hält BWV256	Wo Gott der Herr nicht bei uns hält, BWV 256	385	6344be83-b532-4bad-ada3-c6334c8e3870
1	52	Wo Gott der Herr nicht bei uns hält (Cantata BWV114)	Wo Gott der Herr nicht bei uns hält, Cantata BWV 114	386	672a5e51-8dfc-487b-85bf-1b9b0a786e28
1	53	Wo Gott der Herr nicht bei uns hält BWV257	Wo Gott der Herr nicht bei uns hält, BWV 257	388	ab318767-3950-4183-af95-30eb0288cc1e
1	54	Wo Gott zum Haus nicht gibt sein. Gunst BWV438	Wo Gott zum Haus nicht gibt sein' Gunst, BWV 438	389	fffb6703-b05c-4c05-b3d9-235ceba80861
2	1	Jesu, meine Freude (Cantata BWV64)	Jesu, meine Freude, Cantata BWV 64	200	c12230d1-4e1d-4ce9-ac6b-a18b4641ecd9
2	2	Jesu, meines Herzens Freud. BWV361	Jesu, meines Herzens Freud', BWV 361	202	8e2a60f5-be77-408f-a892-4de412b12423
2	3	Jesu, nun sei gepreiset BWV362	Jesu, nin sei gepreiset, BWV 362	203	26df3cab-076b-4257-8a98-e4351e77816c
2	4	Jesus, meine Zuversicht BWV365	Jesus, meine Zuversicht, BWV 365	208	2aa92602-a7bf-49bc-865e-e2331607ba35
2	5	Ihr Gestirn., ihr hohlen Lüfte BWV366	Ihr Gestirn', ihr hohlen Lüfte, BWV 366	210	dccde6e3-e566-4eab-b9bd-d61026bb9348
2	6	In allen meinen Thaten BWV367	In allen meinen Thaten, BWV 367	211	ec71ddfb-5ce6-4c31-a43b-552e796c4a5d
2	7	Ist Gott mein Schild und Helfersmann (Cantata BWV85)	Ist Gott mein Schild und Helfersmann, Cantata BWV 85	216	3d8d50df-82a3-4c4b-a88c-5b29dfb01df8
2	8	Keinen hat Gott verlassen BWV369	Keinen hat Gott verlassen, BWV 369	217	387a43af-b906-4309-b41c-13aed876c6eb
2	9	Komm, Gott Schöpfer, heiliger Geist BWV370	Komm, Gott Schöpfer, heiliger Geist, BWV 370	218	8363806d-afe6-4b2b-a460-604748a6e774
2	10	Komm, heiliger Geist, Herre Gott BWV226	Komm, heileger Geist, Herre Gott, BWV 226	221	61978acd-7fbb-4975-a040-a947bafcdf7e
2	11	Komm, Jesu komm BWV229	Komm, Jesu komm, BWV 229	222	b79d399f-75d1-47ce-8b30-439b1ff23f7d
2	12	Kommt her zu mir, spricht Gottes Sohn (Cantata BWV74)	Kommt her zu mir, spricht Gottes Sohn, Cantata BWV 74	223	9988c307-3599-4a8b-94be-ee9deb4db169
2	13	Kommt her zu mir, spricht Gottes Sohn (Cantata BWV108)	Kommt her zu mir, spricht Gottes Sohn, Cantata BWV 108	224	38c77251-f49a-41dc-92af-25eb06584622
2	14	Lass, o Herr, dein Ohr sich neigen BWV372	Lass, o Herr, dein Ohr sich neigen, BWV 372	226	072c25be-6bd9-4a25-b19d-070e6755bb55
2	15	Liebster Jesu, wir sind hier BWV373	Liebster Jesu, wir sind hier, BWV 373	228	9446902e-ed93-426d-b276-2bdc1ec6d2f8
2	16	Liebster Immanuel, Herzog der Frommen (Cantata BWV123)	Liebster Immanuel, Herzog der Frommen, Cantata BWV 123	229	6ddde4b3-24e6-4a0b-a369-5857e6ea10b4
2	17	Lobe den Herren, den mächtigen König der Ehren (Cantata BWV57)	Lobe den Herren, den mächtigen König der Ehren, Cantate BWV 57	231	91fe98e3-336d-4723-aa73-1c192bf0b07f
2	18	Lobet den Herren, denn er ist sehr freundlich BWV374	Lobet den Herren, denn er ist sehr freundlich, BWV 374	232	2319839b-52c4-4a8b-aa78-e4dced91bf61
2	19	Mach.s mit mir, Gott, nach deiner Güt. BWV377	Mach's mit mir, Gott, nach deiner Güt', BWV 377	237	9c47d19f-6bce-4214-ba69-241278644c19
2	20	Mach.s mit mir, Gott, nach deiner Güt. (Cantata BWV139)	Mach's mit mir, Gott, nach deiner Güt', Cantata BWV 139	238	6f4e64e6-17c1-4dde-8f11-33c2873561d7
2	21	Mein. Augen schließ. ich jetzt BWV378	Mein' Augen schließ' ich jetzt, BWV 378	240	15878173-8738-443f-849b-54601c0744f3
2	22	Meinen Jesum lass. ich nicht, Jesus BWV379	Meinen Jesum lass' ich nicht, Jesus, BWV 379	241	9533507f-7e98-4955-9a37-de794d21d7e1
2	23	Meinen Jesum lass. ich nicht BWV380	Meinen Jesum lass' ich nicht, BWV 380	242	388892ea-68a3-44a9-9e4b-c231bc03eddd
2	25	Meinen Jesum lass. ich nicht (Cantata BWV124)	Meinen Jesum lass' ich nicht, Cantata BWV 124	246	44b48d07-528b-4a87-b869-d03ffb7d1d46
2	26	Meines Lebens letzte Zeit BWV381	Meines Lebens letzte Zeit, BWV 381	248	f919effc-48dc-4153-9c1d-f44220770108
2	27	Mit Fried. und Freud. ich fahr. dahin BWV382	Mit Fried' und Freud' ich fahr' dahin, BWV 382	249	088453ce-af6d-4a18-8023-241fe3d7018e
2	28	Mit Fried. und Freud. ich fahr. dahin (Cantata BWV83)	Mit Fried' und Freud' ich fahr' dahin, Cantate BWV 83	250	dd04ac2f-53ad-4072-bbdf-e1c79cbd3689
2	29	Mit Fried. und Freud. ich fahr. dahin (Cantata BWV125)	Mit Fried' und Freud' ich fahr' dahin, Cantata BWV 125	251	051bed3f-c30a-400e-a501-5705f94969ab
2	30	Mitten wir im Leben sind BWV383	Mitten wir im Leben sind, BWV 383	252	3b8ee50d-96ed-49ca-96b8-6661b85baed0
2	31	Nicht so traurig, nicht so sehr BWV384	Nicht so traurig, nicht so sehr, BWV 384	253	0a582b07-815f-420f-877d-a71f02d07407
2	32	Nun bitten wir den heiligen Geist BWV385	Nun bitten wir den heiligen Geist, BWV 385	254	b9383143-85e6-4cd5-8ab3-cf5abc7753dc
2	33	Nun bitten wir den heiligen Geist (Cantata BWV169)	Nun bitten wir den heiligen Geist, Cantata BWV 169	256	976473b3-786c-4316-a4e4-9a676277c12d
2	34	Nun danket alle Gott BWV386	Nun danket alle Gott, BWV 386	257	4c8fd196-4d33-48a4-94f0-3e09c48235dd
2	35	Nun freut euch, Gottes Kinder all BWV387	Nun freut euch, Gottes Kinder all, BWV 387	260	57b199f2-d2f3-440d-be75-101271c6b276
2	36	Nun lasst uns Gott, dem Herren (Cantata BWV165)	Nun lasst uns Gott, dem Herren, Cantata BWV 165	266	d93365fc-a40c-4d37-8884-e5754f5db582
2	37	Nun lob., mein. Seel., den Herren BWV389	Nun lob', mein' Seel', den Herren, BWV 389	269	8fca2fab-d21f-491a-b050-ec87e5261a61
2	38	Nun lob., mein. Seel., den Herren BWV390	Nun lob', mein' Seel', den Herren, BWV 390	270	bc404da1-03b2-4a4d-9571-bf9f23f717a4
2	39	Nun preiset alle Gottes Barmherzigkeit BWV391	Nun preiset alle Gottes Barmherzigkeit, BWV 391	273	3c7cf114-7303-47d1-81ac-c33700e2d9d0
2	40	Nun sich der Tag geendet hat BWV396	Nun sich der Tag geendet hat, BWV 396	274	40e2c802-45a1-469c-a587-6747bb24bd49
2	41	O Ewigkeit, du Donnerwort BWV397	O Ewigkeit, du Donnerwort, BWV 397	275	54297a63-3c60-472d-b119-424804d0b99c
2	42	O Ewigkeit, du Donnerwort (Cantata BWV20)	O Ewigkeit, du Donnerwort, Cantata BWV 20	276	f4916069-efb3-4367-aaf3-f4a170bb5dd9
2	43	O Gott, du frommer Gott BWV398	O Gott, du frommer Gott, BWV 398	277	24d2b564-060a-4bdd-830b-1bdb9db6f591
2	44	O Gott, du frommer Gott (Cantatas BWV64, 94)	O Gott, du frommer Gott, Cantata BWV 64, 94	280	30f1790a-ecf1-451d-afc9-06f64a056e5f
2	45	O Gott, du frommer Gott BWV399	O Gott, du frommer Gott, BWV 399	282	7975e771-56af-4a95-b4b8-a04302eb4c69
2	46	O Herre Gott, dein göttlich Wort (Cantata BWV184)	O Herre Gott, dein göttlich Wort, Cantata BWV 184	283	86fd3310-f8ee-4567-b54c-7da403433308
2	47	O Welt, ich muß dich lassen BWV392	O Welt, ich muß dich lassen, BWV 392	298	03b160a8-7c1a-4ab7-96aa-075e80c3c9f2
2	48	O wie selig seid ihr doch, ihr Frommen BWV405	O wie selig seid ihr doch, ihr Frommen, BWV 405	299	e737b38e-e304-4acb-9707-712fddec7342
2	49	O wie selig seid ihr doch, ihr Frommen BWV406	O wie selig seid ihr doch, ihr Frommen, BWV 406	300	b3d2d1f7-27ad-457f-9228-db426f01231b
2	50	Schmücke dich, o liebe Seele (Cantata BWV180)	Schmücke dich, o liebe Seele, Cantata BWV 180	304	fbd47b79-3ef7-4dca-bbaf-a10231090672
3	1	Als der gütige Gott BWV264	Als der gütige Gott, BWV 264	20	6cfd7455-bdaf-48d0-a51d-72b6f6e6ca52
3	2	Das neugeborne Kindelein (Cantata BWV122)	Das neugeborne Kindelein, Cantata BWV 122	57	dc9c84de-bd93-4a1d-b66a-bb06a1a8ef64
3	3	Der Tag, der ist so freudenreich BWV294	Der Tag, der ist so freudenreich, BWV 294	62	423025df-ffe1-4948-9d5c-2e323f25b6a5
3	4	Ermuntre dich, mein schwacher Geist (Christmas Oratorio BWV248)	Ermuntre dich, mein schwacher Geist, Christmas Oratorio BWV 248	80	5f64592b-56fa-4db2-a828-1e635ab77e3d
3	5	Freuet euch, ihr Christen alle (Cantata BWV40)	Freuet euch, ihr Christen alle, Cantata BWV 40	105	24a370de-8852-4a68-a12b-5a4e252af30d
3	6	Für Freuden laßt uns springen BWV313	Für Freuden laßt uns springen, BWV 313	106	3a232ab1-702f-4162-b705-27d6e743d46c
3	7	Gelobet seist du, Jesu Christ BWV314	Gelobet seist du, Jesu Christ, BWV 314	107	86050979-f691-4bc7-9547-072c6456364a
3	8	Gelobet seist du, Jesu Christ (Cantata BWV64)	Gelobet seist du, Jesu Christ, Cantata BWV 64	108	4b47a166-2319-43be-8983-b647deb8cfe7
3	9	Gelobet seist du, Jesu Christ (Christmas Oratorio)	Gelobet seist du, Jesu Christ, Christmas Oratorio	110	a3c65150-3169-42aa-8e5b-d2c228f8ee76
3	10	Gott des Himmels und der Erden (Christmas Oratorio)	Gott des Himmels und der Erden, Christmas Oratorio	114	f2027aa5-b9ff-4d3f-84ef-f7790a02c061
3	11	Gottes Sohn ist kommen BWV318	Gottes Sohn ist kommen, BWV 318	115	b7c41a80-c62c-481d-acf9-4b31d9c7cb8e
3	12	Herzlich thut mich verlangen (Christmas Oratorio)	Herzlich thut mich verlangen, Christmas Oratorio	165	681bf9ad-47bb-45cb-8d37-a03eed6a25a7
3	13	Ich freue mich in dir (Cantata BWV133)	Ich freue mich in dir, Cantata BWV 133	181	2887eeb9-18c6-40ab-a614-042dbdf523c8
3	14	In dich hab. ich gehoffet, Herr (Christmas Oratorio)	In dich hab' ich gehoffet, Herr, Christmas Oratorio	214	c72e71d4-3729-4c98-be3e-e238153fc734
3	15	In dulci jubilo BWV368	In dulci jubilo, BWV 368	215	a2b9e24b-9863-4cb3-997f-aa4fa441b9fd
3	16	Lobt Gott, ihr Christen allzugleich BWV375	Lobt Gott, ihr Christen allzugleich, BWV 375	233	ddccebb2-b2da-4424-96ab-04b7b68f868b
3	17	Lobt Gott, ihr Christen allzugleich (Cantata BWV151)	Lobt Gott, ihr Christen allzugleich, Cantata BWV 151	235	af012dba-a620-45fa-bbcf-d875f78d54c4
3	18	Nun freut euch, lieben Christen g.mein BWV388	Nun freut euch, lieben Christen g'mein, BWV 388	261	29138cfb-919a-45f2-8a25-213a94945276
3	19	Nun freut euch, lieben Christen g.mein BWV307	Nun freut euch, lieben Christen g'mein, BWV 307	262	0f4a3020-d121-4c5b-b4aa-cf5a1a5c773a
3	20	Nun freut euch, lieben Christen g.mein (Christmas Oratorio)	Nun freut euch, lieben Christen g'mein, Christmas Oratorio	263	69fc513a-20a0-4c3a-b721-e96a993c464d
3	21	Nun komm, der Heiden Heiland (Cantata BWV36)	Nun komm, der Heiden Heiland, Cantata BWV 36	264	02c0ccb3-d87a-4255-94dc-21491d2b1fb8
3	22	Nun komm, der Heiden Heiland (Cantata BWV62)	Nun komm, der Heiden Heiland, Cantata BWV 62	265	c61fb1f4-0d64-4481-b21f-33283cdebbbd
3	23	Puer natus in Bethlehem (Cantata BWV65)	Puer natus in Bethlehem, Cantata BWV 65	302	4409df4e-5486-4a0c-a98a-68a0174b401d
3	24	Uns ist ein Kindlein heut. gebor.n BWV414	Uns ist ein Kindlein heut' gebor'n, BWV 414	313	f293d502-78b1-4ce2-b0cd-2afff89e0078
3	25	Vom Himmel hoch, da komm ich her (Christmas Oratorio)	Vom Himmel hoch, da komm ich her, Christmas Oratorio	323	94b1b10f-4459-4413-834e-05a528717fc9
3	26	Wachet auf, ruft uns die Stimme (Cantata BWV140)	Wachet auf, ruft uns die Stimme, Cantata BWV 140	329	906688d4-6185-47e1-a572-2e17c120fc2b
3	27	Warum sollt. ich mich denn grämen (Christmas Oratorio)	Warum sollt' ich mich denn grämen, Christmas Oratorio	335	38f3503e-18d5-433b-b5a2-f0d7710cd548
3	28	Wir Christenleut. (Cantata BWV40)	Wir Christenleut', Cantata BWV 40	379	f6d143e1-cee3-4145-9798-c2a041bd3855
3	29	Wir Christenleut. (Cantata BWV110)	Wir Christenleut', Cantate BWV110	380	e0ab6bb5-9208-4e6c-8c19-40761c4a59fe
3	30	Wir Christenleut. (Christmas Oratorio)	Wir Christenleut', Christmas Oratorio	381	bced0d82-0630-4be8-a162-747ae2890344
3	31	Kyrie, Gott Vater in Ewigkeit BWV371	Kyrie, Gott Vater in Ewigkeit, BWV 371	225	6d389961-f595-4587-b7c6-cda58cdeb04d
3	32	Allein Gott in der Höh. sei Ehr. BWV260	Allein Gott in der Höh' sei Ehr', BWV 260	12	ac02e145-c51c-423c-a6fb-dcae1f1952ae
3	33	Wir glauben all. an einen Gott BWV437	Wir glauben all' an einen Gott BWV 437	382	34c1478e-91f2-4f4f-a803-91a1e2547967
3	34	Heilig, heilig BWV325	Heilig, heilig, BWV 325	123	03da3cb5-2abb-47ca-ada5-12daab5e8517
3	35	Sanctus, sanctus Dominus Deus Sabaoth BWV325	Sanctus, sanctus Dominus Deus Sabaoth, BWV 325	123	4bc84d07-8985-494b-a3f0-184258b6b14c
3	36	Dies sind die heil.gen zehn Gebot. BWV298	Dies sind die heil'gen zehn Gebot', BWV 298	66	9fdf76a5-df84-4c0e-83ef-c74653db5868
3	37	Meine Seele erhebt den Herren (Cantata BWV10)	Meine Seele erhebt den Herren, Cantata BWV 10	122	a00f298f-a50d-45c9-83d8-4f21c81b3f30
3	38	Vater unser im Himmelreich BWV416	Vater unser im Himmelreich, BWV 416	316	7e148d06-a4bc-48d4-8b85-92ec58addce1
3	39	Vater unser im Himmelreich (Johannes-Passion BWV245)	Vater unser im Himmelreich, St. John Passion BWV 245	317	12bd9d50-de53-4dc9-b16e-8cde1f707a15
3	40	Verleih. uns Frieden genädiglich (Cantata BWV126)	Verleih' uns Frieden genädiglich, Cantata BWV 126	321	99b72ed6-161d-4821-b91d-4dd735f4957e
3	41	Verleih. uns Frieden genädiglich (Cantata BWV42)	Verleih' uns Frieden genädiglich, Cantata BWV 42	322	babc1494-bd37-4804-829f-119924029d87
4	1	Ach Gott, vom Himmel sieh. darein (Cantata BWV2)	Ach Gott, vom Himmel sieh' darein, Cantata BWV 2	7	63347767-8bd5-4f11-9c1a-42ee65125b00
4	2	Ach Gott, wie manches Herzeleid (Cantata BWV153)	Ach Gott, wie manches Herzeleid, Cantata BWV 153	9	b86966fe-5f36-4ad3-8ef9-5f3e5b05debe
4	3	Als Jesus Christus in der Nacht BWV265	Als Jesu Christus in der Nacht, BWV 265	21	722ae0ae-6e03-4c79-b1e0-02a364bc436f
4	4	An Wasserflüssen Babylon BWV267	An Wasserflüssen Babylon, BWV 267	23	c41f00a0-ff13-4d3f-aa9f-22d7440cf464
4	5	Christ ist erstanden BWV276	Christ ist erstanden, BWV 276	36	b465c89d-2baf-40ea-bed5-48ede9a25f5c
4	6	Christ ist erstanden (Cantata BWV66)	Christ ist erstanden, Cantata BWV 66	37	7ffa2392-9ee8-4985-b2a7-1f4672ab75c5
4	7	Christ lag in Todesbanden BWV277	Christ lag in Todesbanden, BWV 277	38	d6466ebd-c584-4f41-9c2d-52c3f19cf440
4	8	Christ lag in Todesbanden BWV278	Christ lag in Todesbanden, BWV 278	39	1f705286-a944-4301-8042-7f4bb12e157a
4	9	Christ lag in Todesbanden BWV279	Christ lag in Todesbanden, BWV 279	40	b3064346-2811-483e-9402-3ab80f2e90c2
4	10	Christ lag in Todesbanden (Cantata BWV4)	Christ lag in Todesbanden, Cantata BWV 4	41	82b49b79-a454-47ca-a046-44f7e0be374b
4	11	Christus, der uns selig macht ZBWV283)	Christus, der uns selig macht, BWV 285	48	92798cf2-8337-4d6e-908d-da01d3d04310
4	12	Christus, der uns selig macht (Johannes-Passion BWV245)	Christus, der uns selig macht, St. John Passion BWV 245	49	0ac512c8-86a7-4ec0-9e90-1d06bacfdf9a
4	13	Christus, der uns selig macht (Johannes-Passion)	Christus, der uns selig macht, St. John Passion	50	2d72ac32-4dc2-48ea-8923-092323882f06
4	14	Christus ist erstanden, hat überwunden BWV284	Christus ist erstanden, hat überwunden, BWV 284	51	e089ffbd-53cb-4c93-bc54-94780259f24d
4	15	Da der Herr Christ zu Tische saß BWV285	Da der Herr Christ zu Tische saß, BWV 285	52	3bd92fe5-5703-4c2c-8621-34f722d96266
4	16	Des heil.gen Geistes reiche Gnad. BWV205	Des heil'gen Geistes reiche Gnad', BWV 205	63	5f875f1d-e11c-4bec-9346-b89b67617b2a
4	17	Du grosser Schmerzensmann BWV300	Du grosser Schmerzensmann, BWV 300	70	e0ce0d14-e236-487f-b5a5-1dcf2d25aa07
4	18	Ermuntre dich, mein schwacher Geist (Cantata BWV43)	Ermuntre dich, mein schwacher Geist, Cantata BWV 45	81	d2803e59-cf70-4f0c-9195-09ff94be1057
4	19	Erschienen ist der herrlich. Tag (Cantata BWV67)	Erschienen ist der herrlich' Tag, Cantata BWV 67	83	e47b9a7a-f1e0-4c8a-ae1c-b723de38c7bf
4	20	Erschienen ist der herrlich. Tag (Cantata BWV145)	Erschienen ist der herrlich' Tag, Cantata BWV 145	84	aa157d5d-36ab-4ee0-aa7d-d556921ddadd
4	21	Erstanden ist der heilig. Christ BWV306	Erstanden ist der heilig' Christ, BWV 306	85	a5438847-3851-4909-9ab9-a4ce6be90aba
4	22	Es ist das Heil uns kommen her (Cantata BWV9)	Es ist das Heil uns kommen her, Cantata BWV 9	87	a42213af-2341-43f8-bc0f-b6645c15f916
4	23	Es ist das Heil uns kommen her (Cantata BWV155)	Es ist das Heil uns kommen her, Cantata BWV 155	88	1e475fe4-097f-4335-9042-de68d29c4f5d
4	24	Gott sei gelobet und gebenedeiet BWV322	Gott sei gelobet und gebenedeiet, BWV 322	119	4070a7e2-a4a4-40af-8436-d8391f10b7ef
4	25	Herzlich lieb hab. ich dich, o Herr (Johannes-Passion)	Herzlich lieb hab' ich dich, o Herr, St. John Passion	154	0fc064d1-7100-459a-8ade-3a0db1334dd3
4	26	Herzlich thut mich verlangen (Matthäus-Passion BWV244)	Herzlich thut mich verlangen, St. Matthew Passion BWV 244	163	76db0362-aa33-4aac-8adf-40453f8f7200
4	27	Herzlich thut mich verlangen (Matthäus-Passion)	Herzlich thut mich verlangen, St. Matthew Passion	162	f758190d-4597-4721-93ff-82f6b66f819f
4	28	Herzliebster Jesu, was hast du verbrochen (Matthäus-Passion)	Herzliebster Jesu, was hast du verbrochen, St. Matthew Passion	166	ccd3dec4-b846-4379-8c80-bb66d5f8e46b
4	29	Herzliebster Jesu, was hast du verbrochen (Matthäus-Passion)	Herzliebster Jesu, was hast du verbrochen, St. Matthew Passion	167	cc61d559-212b-4874-b3c4-1d7ecabc1781
4	30	Herzliebster Jesu, was hast du verbrochen (Johannes-Passion)	Herzliebster Jesu, was hast du verbrochen, St. John Passion	168	083f1d81-8ed7-41be-bf18-b6711b966288
4	31	Herzliebster Jesu, was hast du verbrochen (Johannes-Passion)	Herzliebster Jesu, was hast du verbrochen, St. Matthew Passion	169	cd290444-ca5e-424b-826c-91a06b645c31
4	32	Heut. ist, o Mensch, ein großer Trauertag BWV341	Heut' ist, o Mensch, ein großer Trauertag, BWV 341	170	070d8ee1-9680-4db7-8a32-4c377e62c2b4
4	33	Heut. triumphieret Gottes Sohn BWV342	Heut' triumphieret Gottes Sohn, BWV 342	171	ad474c5b-00ff-409e-a5c9-11ba6f6313da
4	34	Jesu Leiden, Pein und Tod (Johannes-Passion)	Jesu Leiden, Pein und Tod, St. John Passion	192	546abaca-a3b3-46c6-974e-c1e916921de8
4	35	Jesu Leiden, Pein und Tod (Johannes-Passion)	Jesu Leiden, Pein und Tod, St. John Passion	193	7ed812d3-1b74-464c-a3bc-2e17b82535b9
4	36	Jesu Leiden, Pein und Tod (Cantata BWV159)	Jesu Leiden, Pein und Tod, Cantata BWV 159	194	570cf8f9-5d4d-46eb-bfad-9fe50fcc6d96
4	37	Jesus Christus, unser Heiland BWV363	Jesus Christus, unser Heiland, BWV 363	206	1254cd37-a9ae-44f9-8fcd-fb69d9f2901b
4	38	Jesus Christus, unser Heiland BWV364	Jesus Christus, unser Heiland, BWV 364	207	82edc268-b5ba-4dbd-a1d1-38366be23510
4	39	Jesus, meine Zuversicht (Cantata BWV145)	Jesus, meine Zuversicht, Cantata BWV 145	209	b4a0b18d-1fc2-4278-82ea-d734ceb8c621
4	40	In dich hab. ich gehoffet, Herr (Matthäus-Passion)	In dich hab' ich gehoffet, Herr, St. Matthew Passion	213	49350695-76f6-41d6-acdc-a48e43e70682
4	41	Mach.s mit mir, Gott, nach deiner Güt. (Johannes-Passion)	Mach's mit mir, Gott, nach deiner Güt', St. John Passion	239	fc93035f-6bc3-4e1e-b018-7ed0d86f5ae4
4	42	Meinen Jesum lass. ich nicht (Matthäus-Passion)	Meinen Jesum lass' ich nicht, St. Matthew Passion	247	65a7ec50-0bb7-42f9-95b2-8d1dabc7bbb9
4	43	O Herzensangst, o Bangigkeit und Zagen BWV400	O Herzensangst, o Bangigkeit und Zagen, BWV 400	284	af98cdfa-914a-4e59-8b7d-b5fe732ae132
4	44	O Lamm Gottes, unschuldig BWV401	O Lamm Gottes, unschuldig, BWV 401	285	7840fc33-683c-43de-a275-e1c57b10b129
4	45	O Mensch, bewein. dein Sünde groß BWV402	O Mensch, bewein' dein Sünde groß, BWV 402	286	80b9aaf3-97fa-49c7-980f-4f3dc8dfb2a9
4	46	O Mensch, schau Jesum Christum an BWV403	O Mensch, schau Jesum Christum an, BWV 405	287	2d7bc3f1-a63e-4a9c-84ba-4d44f7ea8158
4	47	O Traurigkeit, o Herzeleid BWV404	O Traurigkeit, O Herzeleid, BWV 404	288	22d4c7af-b562-4a89-b20b-ebf913c0f2ba
4	48	O Welt, ich muß dich lassen BWV394	O Welt, ich muß dich lassen, BWV 394	290	30df5cf4-66cc-4f41-8038-74d8681112ba
4	49	O Welt, ich muß dich lassen (Matthäus-Passion)	O Welt, ich muß dich lassen, St. Matthew Passion	294	10a32d79-e3e7-483a-95ff-069b7b34dff0
4	50	O Welt, ich muß dich lassen (Johannes-Passion)	O Welt, ich muß dich lassen, St. John Passion	293	9d9827e7-76c6-4433-b2d3-8c1fc79fa4ba
4	51	O Welt, ich muß dich lassen (Matthäus-Passion)	O Welt, ich muß dich lassen, St. Matthew Passion	292	d4252d86-936c-437e-a477-e094fb30807a
4	52	O wir armen Sünder BWV407	O wir armen Sünder, BWV 407	301	ebf49c14-198e-4e26-b0b3-4d61790bd582
4	53	Schaut, ihr Sünder BWV408	Schaut, ihr Sünder, BWV 408	303	8dd9af6b-91a3-4c18-9b53-7ef6486ef0e7
4	54	Sei gegrüßet, Jesu gütig BWV410	Sei gegrüßet, Jesu gütig, BWV 410	307	c27ad9ae-8950-4515-afcb-f89729fa9b91
4	55	So giebst du nun, mein Jesu, gute Nacht BWV412	So giebst du nun, mein Jesu, gute Nacht, BWV 412	310	a523ed2b-402b-43ff-a355-aeaab3efdf64
4	56	Valet will ich dir geben (Johannes-Passion)	Valet will ich dir geben, St. John Passion	315	b7ffd162-21d2-47c3-96f4-8cf5732e3911
5	1	Ach bleib bei uns, Herr Jesu Christ BWV253	Ach bleib bei uns, Herr Jesu Christ, BWV 253	1	688b2af6-8cbd-487c-bfb8-b36a6517dfc5
5	2	Ach Gott, erhör. mein Seufzen! BWV254	Ach Gott, erhör' mein Seufzen!, BWV 254	2	3ddc5341-a4b8-4124-a9bd-4f7da057bf8a
5	3	Ach Gott und Herr BWV255	Ach Gott und Herr, BWV 255	3	bd76aab5-038c-40d5-a878-862862fab963
5	4	Ach Gott, vom Himmel sieh. darein (Cantata BWV153)	Ach Gott, vom Himmel sieh' darein, Cantata BWV 153	5	800bbab5-df54-456b-b7f9-c49508e325f6
5	5	Ach Gott, wie manches Herzeleid (Cantata BWV3)	Ach Gott, wie manches Herzeleid, Cantata BWV 3	8	6160795c-eb7e-4b9f-b193-6e84474f28ae
5	6	Ach, was soll ich Sünder machen BWV259	Ach, was soll ich Sünder machen, BWV 259	10	67de9b8d-6588-45fc-9bb7-c0a042ed4194
5	7	Allein zu dir, Herr Jesu Christ BWV261	Allein zu dir, Herr Jesu Christ, BWV 261	15	97d6648b-e288-4e83-bf9d-d14949c355c3
5	8	Alle Menschen müssen sterben (Cantata BWV162)	Alle Menschen müssen sterben, Cantata BWV 162	18	4dac9f80-29f4-47b1-afdd-ee180ea8ffb1
5	9	Auf, auf, mein Herz, und du mein ganzer Sinn BWV268	Auf, auf, mein Herz, und du mein ganzer Sinn, BWV 268	24	ca1c23fa-466a-42f4-b875-fffe7c33b8ec
5	10	Auf meinen lieben Gott (Cantata BWV188)	Auf meinen lieben Gott, Cantata BWV 188	25	c7197014-16db-45a4-9966-04773d91969c
5	11	Auf meinen lieben Gott (Cantata BWV89)	Auf meinen lieben Gott, Cantate BWV 89	26	e91fa7d6-2ec4-4a22-98a7-667fc1a18817
5	12	Auf meinen lieben Gott (Cantata BWV5)	Auf meinen lieben Gott, Cantata BWV 5	28	0ff983dc-1628-491c-a399-009e8f0ba428
5	13	Auf meinen lieben Gott (Cantata BWV148)	Auf meinen lieben Gott, Cantate BWV 148	29	83a82f36-81d5-4a22-8fd9-c9f4ecb19290
5	14	Aus meines Herzens Grunde BWV269	Aus meines Herzens Grunde, BWV 269	30	5d43a970-4140-4053-8535-6372d668cf9d
5	15	Aus tiefer Noth schrei ich zu dir (Cantata BWV38)	Aus tiefer Noth schrei ich zu dir, Cantata BWV 38	31	6bf4eb56-55e7-410a-8c8d-a6ec8bcf0e04
5	16	Befiehl du deine Wege BWV272	Befiehl du deine Wege, BWV 272	32	15507800-46ff-4eee-ae12-f0f68974f6dd
5	17	Christ, der du bist der helle Tag BWV273	Christ, der du bist der helle Tag, BWV 275	33	565048ce-d9cf-4cdf-a462-8370def8f6fe
5	18	Christe, der du bist Tag und Licht BWV274	Christe, der du bist Tag und Licht, BWV 274	34	bcd3f33f-7372-49db-84ac-d6ea0f663f6a
5	19	Christe, du Beistand deiner Kreuzgemeinde BWV275	Christe, du beistand deiner Kreuzgemeinde, BWV 275	35	f566c96b-26b3-4cd6-9d70-bdfbcc438d4b
5	20	Christ, unser Herr, zum Jordan kam BWV280	Christ, unser Herr, zum Jordan kam, BWV 280	43	fd83880b-44b7-42a8-b9f2-5e83b3e71a3b
5	21	Christ, unser Herr, zum Jordan kam (Cantata BWV176)	Christ, unser Herr, zum Jordan kam, Cantata BWV 176	45	1e615e6d-8f9d-439d-9be3-443b6f865184
5	22	Christus, der ist mein Leben BWV281	Christus, der ist mein Leben, BWV 281	46	cf179fc8-80de-4953-987a-574fddc3ce9f
5	23	Christus, der ist mein Leben BVW282	Christus, der ist mein Leben, BWV 282	47	7face35d-fdb1-4f45-aff6-180c1dba6bdd
5	24	Danket dem Herrn, denn er ist freundlich BWV286	Danket dem Herrn, denn er ist freundlich, BWV 286	53	a5b5b0f9-82e3-49f8-b3df-22caea2c1a53
5	25	Dank sei Gott in der Höhe BWV287	Dank sei Gott in der Höhe, BWV 287	54	dfc53950-3c47-461a-928f-38ef6b2ee92c
5	26	Das alte Jahr vergangen ist BWV288	Das alte Jahr vergangen ist, BWV 288	55	ffe40ee9-a041-4063-ab33-d42a7738ff69
5	27	Das walt. Gott Vater und Gott Sohn BWV290	Das walt' Gott Vater und Gott Sohn, BWV 290	58	8d9316d3-45e0-411e-ae9b-8c62712b1a61
5	28	Das walt. mein Gott BWV291	Das walt' mein Gott, BWV 291	59	76a7fe9c-d637-4770-8bad-b475ce20efa9
5	29	Den Vater dort oben BWV292	Den Vater dort oben, BWV 292	60	9fa36f94-13f8-44b1-a156-e1340e6323b0
5	30	Der du bist drei in Einigkeit BWV293	Der du bist drei in Einigkeit, BWV 295	61	5b4d3d24-3a03-43b3-9ac3-68605de980bf
5	31	Die Nacht ist kommen BWV296	Die nacht ist kommen, BWV 296	64	6ee85743-c42b-4f73-9ac2-02a1b4747052
5	32	Die Sonn. hat sich mit ihrem Glanz BWV297	Die Sonn' hat sich mit ihrem Glanz, BWV 297	65	cfff8cf3-e438-4034-92e8-7b0dc453fb6e
5	33	Dir, dir, Jehova, will ich singen BWV299	Dir, dir, Jehova, will ich singen, BWV 299	67	85be0286-3b51-4d03-a2a5-5a54c3bac710
5	34	Du Friedefürst, Herr Jesu Christ (Cantata BWV67)	Due Friedefürst, Herr Jesu Christ, Cantata BWV 67	68	3a01bbc3-a543-4c07-b603-00d821072266
5	35	Du Friedefürst, Herr Jesu Christ (Cantata BWV116)	Due Friedefürst, Herr Jesu Christ, Cantata BWV 116	69	477f8e79-f133-4674-b70d-4cb93f56c3c5
5	36	Du, o schönes Weltgebäude BWV301	Du, o schönes Weltgebäude, BWV 301	71	f1c3c099-e541-493d-a716-9535ee8f3cd5
5	37	Du, o schönes Weltgebäude (Cantata BWV56)	Du, o schönes Weltgebäude, Cantata BWV 56	72	3cd8e56a-f820-4f0b-8124-daabd05c95ec
5	38	Durch Adams Fall ist ganz verderbt (Cantata BWV18)	Durch Adams Fall ist ganz verderbt, Cantata BWV 18	73	45e0dd14-4425-4eb9-8891-b7e4c7bd91c5
5	39	Ein. feste Burg ist unser Gott BWV302	Ein' feste Burg ist unser Gott, BWV 302	74	ec595aa2-1332-4f85-a9cf-c64c527d6c2b
5	40	Ein. feste Burg ist unser Gott BWV303	Ein' feste Burg ist unser Gott, BWV 303	75	5368cf02-1951-41cb-937f-9fcbe4fb2243
5	41	Ein. feste Burg ist unser Gott (Cantata BWV80)	Ein' feste Burg ist unser Gott, Cantata BWV 80	76	d9ca4e75-62d1-4aca-a7af-86a5b5afc32e
5	42	Eins ist noth, ach Herr, dies Eine BWV304	Eins ist noth, ach Herr, dies Eine, BWV 304	77	1d67371c-3f4d-4880-b3ca-a68f89d416b7
5	43	Erbarm. dich mein, o Herre Gott BWV305	Erbarm' dich mein, o Herre Gott, BWV 305	78	1ea42cd0-2480-429a-ae44-4bf67ccc547a
5	44	Erhalt. uns, Herr, bei deinem Wort (Cantata BWV6)	Erhalt' uns, Herr, bei deinem Wort, Cantata BWV 6	79	352cbd31-052c-44ac-9820-9b6d359625ea
5	45	Es ist das Heil uns kommen her (Cantata BWV117)	Es ist das Heil uns kommen her, Cantata BWV 117	90	c56708c4-ec08-449f-b8a0-deeabd0d8f59
5	46	Es ist genug; so nimm, Herr, meinen Geist (Cantata BWV60)	Es ist genug; so nimm, Herr, meinen Geist, Cantata BWV 60	91	c5715301-2a29-4ad9-aff1-3990a410e867
5	47	Es spricht der Unweisen Mund wohl BWV308	Es spricht der Unweisen Mund wohl, BWV 308	92	847d1825-f992-45ae-a6a7-d9834191f28e
5	48	Es steh.n vor Gottes Throne BWV309	Es steh'n vor Gottes Throne, BWV 309	93	a5fdbae3-4f01-42df-ac69-bcbc318e6ecc
5	49	Es wir schier der letzte Tag herkommen BWV310	Es wir schier der letzte Tag herkommen, BWV 310	94	219dd179-fb8c-4d0c-9f68-58afb3e2d16f
5	50	Es woll. uns Gott genädig sein BWV312	Es woll' uns Gott genädig sein, BWV 312	96	66f26f41-036e-4460-8929-3f8bf70c9362
5	51	Freu dich sehr, o meine Seel (Cantata BWV70)	Freu dich sehr, o meine Seel, Cantata BWV 70	98	f2fdd774-8ddd-44b8-b576-d20b80470a09
5	52	Freu dich sehr, o meine Seele (Cantata BWV39)	Freu dich sehr, o meine Seele, Cantate BWV 39	104	e0ad7af6-5f1a-45ca-babd-05bc10a1e5e5
5	53	Gib dich zufrieden und sei stille BWV315 1.07(Johannes-Passion)	Gib dich zufrieden und sei stille, BWV 315	111	f630c8b6-1b86-4c7e-a6aa-853bb16b7215
6	1	Gott, der du selber bist das Licht BWV316	Gott, der du selber bist das Licht, BWV 316	112	51f860ec-fbf0-49e0-a849-5b6244688bb1
6	2	Gott hat das Evangelium BWV319	Gott hat das Evangelium, BWV 319	116	16a117c9-2972-44f9-906f-5f0ecc0a9cc5
6	3	Gott lebet noch BWV320	Gott lebet noch, BWV 320	117	613f52d7-3d11-4c3a-b1a9-d560f0197868
6	4	Gottlob, es geht nunmehr zu Ende BWV321	Gottlob, es geht nunmehr zu Ende, BWV 321	118	f980a618-5976-485d-b962-078442593e95
6	5	Helft mir Gott.s Güte preisen (Cantata BWV16)	Helft mir Gott's Güte preisen, Cantata BWV 16	125	fb1ba6df-cbb7-4605-be04-85d7a3b4089b
6	6	Helft mir Gott.s Güte preisen (Cantata BWV183)	Helft mir Gott's Güte preisen, Cantata BWV 185	126	47fc7428-545f-48e9-a74b-a9491b51b639
6	7	Herr Christ, der einig. Gott.s Sohn (Cantata BWV164)	Herr Christ, der einig' Gott's Sohn, Cantata BWV 164	127	6feb5c97-9b02-4c54-999a-a550e1fe8408
6	8	Herr Christ, der einig. Gott.s Sohn (Cantata BWV96)	Herr Christ, der einig' Gott's Sohn, Cantata BWV 96	128	83b21c0c-fb5f-4b90-87dc-6a8d735e8ac6
6	9	Herr Gott, dich loben alle wir BWV326	Herr Gott, dich loben alle wir, BWV 326	129	bca87785-008b-447f-8da8-04edca04bc56
6	10		Herr Gott, dich loben alle wir BWV327	132	bed3e181-b12b-4948-8229-2b569ff901dc
6	11	Herr Gott, dich loben alle wir BWV328	Herr Gott, dich loben alle wir, BWV 328	133	2f4e5c19-a8ac-41a5-9627-a2aea15593f7
6	12	Herr Gott, dich loben wir (Cantata BWV119)	Herr Gott, dich loben wir, Cantata BWV 119	134	d4c9e390-b9bf-41bd-91dc-92c605fa1c27
6	13	Herr Gott, dich loben wir (Cantata BWV120)	Herr Gott, dich loben wir, Cantata BWV 120	135	0dbe21d7-1fb9-490d-bb5e-15c1018a8274
6	14	Herr, ich denk. an jene Zeit BWV329	Herr, ich denk' an jene Zeit, BWV 329	136	fe5ca170-13ed-4ed9-9b7c-bfe9f622fdd0
6	15	Herr, ich habe mißgehandelt BWV330	Herr, ich habe mißgehandelt, BWV 330	137	199eae1c-7f07-4a56-8eb1-646e94437abb
6	16	Herr Jesu Christ, dich zu uns wend. BWV332	Herr Jesu Christ, dich zu uns wend', BWV 332	139	8930d926-7be1-412d-8ec2-2bf4dc283463
6	17	Herr Jesu Christ, du hast bereit.t BWV333	Herr Jesu Christ, du hast bereit't, BWV 333	140	81d74e38-7b5b-443d-a3d0-228a4d05118d
6	18	Herr Jesu Christ, du höchstes Gut BWV334	Herr Jesu Christ, du höchstes Gut, BWV 334	141	274c2d22-ebc7-42af-b90c-b0f6eb93ecec
6	19	Herr Jesu Christ, du höchstes Gut (Cantata BWV168)	Herr Jesu Christ, du höchstes Gut, Cantata BWV 168	143	fc2f35db-48dc-422d-8878-12d7457f9962
6	20	Herr Jesu Christ, du höchstes Gut (Cantata BWV48)	Herr Jesu Christ, du höchstes Gut, Cantata BWV 48	144	bbede569-c519-4d47-a8a5-7b38d9d42bb2
6	21	Herr Jesu Christ, mein.s Lebens Licht BWV335	Herr Jesu Christ, mein's Lebens Licht, BWV 335	145	a81f996e-6799-4802-86c9-cf554102e65c
6	22	Herr Jesu Christ, wahr.r Mensch und Gott (Cantata BWV127)	Herr Jesu Christ, wahr'r Mensch und Gott, Cantata BWV 127	147	d834a915-9dec-4f79-884b-0855a62133a9
6	23	Herr, nun laß in Friede BWV337	Herr, nun laß in Friede, BWV 337	148	bf365bdd-2e7c-48f0-ab12-c5d3815c8c3d
6	24	Herr, straf . mich nicht in deinem Zorn BWV338	Herr, straf' mich nicht in deinem Zorn, BWV 338	149	77f2f5f8-17f1-4d0d-9f9c-44ae95e6857d
6	25	Herr, wie du willst, so schick.s mit mir (Cantata BWV156)	Herr, wie du willst, so schick's mit mir, Cantata BWV 156	150	4e300690-ba0e-407a-872c-7c209fe975a3
6	26	Herr, wie du willst, so schick.s mit mir BWV339	Herr, wie du willst, so schick's mit mir, BWV 339	151	79cfa1f0-eed0-4c5d-9913-17f56fb70095
6	27	Herzlich lieb hab. ich dich, o Herr BWV340	Herzlich lieb hab' ich dich, o Herr, BWV 340	152	f3183ede-0b73-4fe6-b5a0-17972b764740
6	28	Herzlich lieb hab. ich dich, o Herr (Cantata BWV174)	Herzlich lieb hab' ich dich, o Herr, Cantata BWV 174	153	173b8b0c-15d5-42e5-b396-6a8ea3c13c96
6	29	Herzlich thut mich verlangen (Cantata BWV153)	Herzlich thut mich verlangen, Cantata BWV 153	160	1ee335df-5739-48ad-a54d-dc8a2c32ddb4
6	30	Hilf, Gott, daß mir.s gelinge BWV343	Hilf, Gott, daß mir's gelinge, BWV 343	172	fd9113db-b146-482f-8755-c26bc40d40af
6	31	Hilf, Herr Jesu, laß gelingen BWV344	Hilf, Herr Jesu, laß gelingen, BWV 344	173	5957eeb6-1640-4e04-a2ee-f9a842d1c59b
6	32	Ich bin ja, Herr, in deiner Macht BWV345	Ich bin ja, Herr, in deiner Macht, BWV 345	174	cc01f4f9-3c26-4b98-b474-f5d7dafc2c81
6	33	Ich dank. dir, Gott, für all. Wohlthat BWV346	Ich dank' dir, Gott, für all' Wohlthat, BWV 346	175	9c06b25b-3bfa-4bd4-a64a-00c3cc588fbc
6	34	Ich dank. dir, lieber Herre BWV347	Ich dank' dir, lieber Herre, BWV 347	176	ab148a83-d36c-4c5d-a912-999665837b6a
6	35	Ich dank. dir, lieber Herre BWV348	Ich dank' dir, lieber Herre, BWV 348	177	cd424ddd-a821-4a20-83fb-248abf9cf87b
6	36	Ich dank. dir, lieber Herre (Cantata BWV37)	Ich dank' dir, lieber Herre, Cantata BWV 37	178	d33456e0-c43d-458d-99d0-804b0be530b0
6	37	Ich dank. dir schon durch deinen Sohn BWV349	Ich dank' dir schon durch deinen Sohn, BWV 349	179	c1fb4b8f-21c8-46f6-b2b0-ffd3b2fba107
6	38	Ich danke dir, o Gott, in deinem Throne BWV350	Ich danke dir, o Gott, in deinem Throne, BWV 350	180	ade28b1f-34ba-43b7-803b-b5c2d0c3057c
6	39	Ich hab. mein. Sach. Gott heimgestellt BWV351	Ich hab' mein' Sach' Gott heimgestellt, BWV 351	182	56b95473-d5e6-4c52-8a3c-4b59874c4eb0
6	40	Ich ruf . zu dir, Herr Jesu Christ (Cantata BWV177)	Ich ruf' zu dir, Herr Jesu Christ, Cantata BWV 177	183	499d41fa-77ad-43fa-9a10-eb663d73fc71
6	41	Jesu, der du meine Seele BWV352	Jesu, der du meine Seele, BWV 352	185	a4199a49-b358-4e1f-9fa8-c0754cb0970d
6	42	Jesu, der du meine Seele BWV353	Jesu, der du meine Seele, BWV 353	186	9d8a11d8-c9ea-4ba8-9022-0c3dfdd96d7c
6	43	Jesu, der du meine Seele BWV354	Jesu, der du meine Seele, BWV 354	187	850b9d72-f858-4e6b-8fa0-5862df00a906
6	44	Jesu, der du meine Seele (Cantata BWV78)	Jesu, der du meine Seele, Cantata BWV 78	188	c509cf6d-5cf7-43cb-9681-a32cb22b1425
6	45	Jesu, der du selbst so wohl BWV355	Jesu, der du selbst so wohl, BWV 355	189	6c4437fa-11bc-45d0-8001-b2dea16b99ad
6	46	Jesu, du mein liebstes Leben BWV356	Jesu, du mein liebstes Leben, BWV 356	190	b76020f3-3d45-4cef-b445-4d5de31aa55e
6	47	Jesu, Jesu, du bist mein BWV357	Jesu, Jesu, du bist mein, BWV 357	191	9f0684d8-6a1d-43e5-a79d-9718bb4b5a58
6	48	Jesu, meine Freude BWV358	Jesu, meine Freude, BWV 358	195	d68bdd74-31d5-430d-a660-9dc6c484bd80
6	49	Jesu, meine Freude BWV227	Jesu, meine Freude, BWV 227	196	1b8f7745-d471-4a7f-bc64-b9cf58c639f2
6	50	Jesu, meine Freude (Cantata BWV8)	Jesu, meine Freude, Cantata BWV 81	197	8c92113b-aebe-4e9c-982c-665bf6470ce3
