filename	cd	track	title	bwv	cd	track	track_title	recording_title	chorale	recording_id
01-01 Darzu ist erschienen der Sohn Gottes, BWV 40- No. 6, Schwing' dich auf zu deinem Gott.mp3	1	1	Darzu ist erschienen der Sohn Gottes, BWV 40- No. 6, Schwing' dich auf zu deinem Gott.mp3	40	1	1	Schwing. dich auf zu deinem Gott (Cantata BWV40)	Schwing' dich auf zu deinem Gott, Cantata BWV 40	305	f92fa5a3-dbb9-4404-a009-d8aa5e923cb5
01-02 Seelenbräutigam, BWV 409.mp3	1	2	Seelenbräutigam, BWV 409.mp3	409	1	2	Seelenbräutigam BWV409	Seelenbräutigam, BWV 409	306	276cb079-d2d2-459f-85c2-cf81c51af314
01-03 Es wartet alles auf dich, BWV 187- No. 7, Singen wir aus Herzensgrund.mp3	1	3	Es wartet alles auf dich, BWV 187- No. 7, Singen wir aus Herzensgrund.mp3	187	1	3	Singen wir aus Herzensgrund (Cantata BWV187)	Singen wir aus Herzensgrund, Cantata BWV 187	308	7fa8754a-0698-40df-96f6-1f43415aab5e
01-04 Singt dem Herrn ein neues Lied, BWV 411.mp3	1	4	Singt dem Herrn ein neues Lied, BWV 411.mp3	411	1	4	Singt dem Herrn ein neues Lied BWV411	Singt dem Herrn ein neues Lied, BWV 411	309	f79a760c-3ad2-4cfa-abec-6342682bc041
01-05 Sollt' ich meinem Gott nicht singen, BWV 413.mp3	1	5	Sollt' ich meinem Gott nicht singen, BWV 413.mp3	413	1	5	Sollt. ich meinem Gott nicht singen BWV413	Sollt' ich meinem Gott nicht singen, BWV 413	311	107bb433-e048-43a0-acc0-c138dc8b4fa0
01-06 Mache dich, mein Geist, bereit, BWV 115- No. 6, Straf mich nicht in deinem Zorn.mp3	1	6	Mache dich, mein Geist, bereit, BWV 115- No. 6, Straf mich nicht in deinem Zorn.mp3	115	1	6	Straf mich nicht in deinem Zorn (Cantata BWV115)	Straf mich nicht in deinem Zorn, Cantata BWV 115	312	46a600b8-0e90-4e47-994a-913c0be6053f
01-07 Valet will ich dir geben, BWV 415.mp3	1	7	Valet will ich dir geben, BWV 415.mp3	415	1	7	Valet will ich dir geben BWV415	Valet will ich dir geben, BWV 415	314	a42b5893-e1b1-4536-b162-df048be8a299
01-08 No. 5, Vater unser im Himmelreich - Es reißet euch ein schrecklich Ende, BWV 90.mp3	1	8	No. 5, Vater unser im Himmelreich - Es reißet euch ein schrecklich Ende, BWV 90.mp3	90	1	8	Vater unser im Himmelreich (Cantata BWV90)	Vater unser im Himmelreich, Cantata BWV 90	319	69e14f02-2f29-488e-b5a0-b2a2a88e64b3
01-09 Herr, deine Augen sehen nach dem Glauben, BWV 102- No. 7, Vater unser im Himmelreich.mp3	1	9	Herr, deine Augen sehen nach dem Glauben, BWV 102- No. 7, Vater unser im Himmelreich.mp3	102	1	9	Vater unser im Himmelreich (Cantata BWV102)	Vater unser im Himmelreich, Cantata BWV 102	320	fd7b3eea-df73-4c36-bc4d-55238c4c6cc2
01-10 Von Gott will ich nicht lassen, BWV 417.mp3	1	10	Von Gott will ich nicht lassen, BWV 417.mp3	417	1	10	Von Gott will ich nicht lassen BWV417	Von Gott will ich nicht lassen, BWV 417	324	72f3f707-f85d-4409-bf24-0bf127cbd612
01-11 Von Gott will ich nicht lassen, BWV 418.mp3	1	11	Von Gott will ich nicht lassen, BWV 418.mp3	418	1	11	Von Gott will ich nicht lassen BWV418	Von Gott will ich nicht lassen, BWV 418	325	f17e9ef9-c258-458c-857d-c4baba146897
01-12 Von Gott will ich nicht lassen, BWV 419.mp3	1	12	Von Gott will ich nicht lassen, BWV 419.mp3	419	1	12	Von Gott will ich nicht lassen BWV419	Von Gott will ich nicht lassen, BWV 419	326	1daf1955-b34f-4114-83ec-d52ce1e0a96e
01-13 Von Gott will ich nicht lassen, WoO.mp3	1	13	Von Gott will ich nicht lassen, WoO.mp3		1	13	Von Gott will ich nicht lassen Zunfinished cantata)	Von Gott will ich nicht lassen, Unfinished Cantata	327	77661453-efdc-4a7e-a3a5-9449adc44af5
01-14 Herr, wie du willt, so schick's mit mir, BWV 73- No. 5, Von Gott will ich nicht lassen.mp3	1	14	Herr, wie du willt, so schick's mit mir, BWV 73- No. 5, Von Gott will ich nicht lassen.mp3	73	1	14	Von Gott will ich nicht lassen (Cantata BWV73)	Von Gott will ich nicht lassen, BWV 73	328	cd6b539f-2163-428b-b698-5665971467e4
01-15 Wär' Gott nicht mit uns diese Zeit, BWV 14- No. 1, Wär' Gott nicht mit uns diese Zeit.mp3	1	15	Wär' Gott nicht mit uns diese Zeit, BWV 14- No. 1, Wär' Gott nicht mit uns diese Zeit.mp3	14	1	15	Wär. Gott nicht mit uns diese Zeit (Cantata BWV14)	Wär' Gott nicht mit uns diese Zeit, Cantata BWV 14	330	24582306-f3c4-4e3e-b290-b64ee1cd985d
01-16 Warum betrübst du dich, mein Herz, BWV 420.mp3	1	16	Warum betrübst du dich, mein Herz, BWV 420.mp3	420	1	16	Warum betrübst du dich, mein Herz BWV420	Warum betrübst du dich, mein Herz, BWV 420	331	c140875a-952a-487f-a425-763eeaa90d18
01-17 Wer sich selbst erhöhet, der soll erniedriget werden, BWV 47- No. 5, Warum betrübst du dich, mein Herz.mp3	1	17	Wer sich selbst erhöhet, der soll erniedriget werden, BWV 47- No. 5, Warum betrübst du dich, mein Herz.mp3	47	1	17	Warum betrübst du dich, mein Herz (Cantata BWV47)	Warum betrübst du dich, mein Herz, BWV 47	333	1a085197-9e8a-44b9-b7f6-2d25a6045d20
01-18 Warum sollt' ich mich denn grämen, BWV 422.mp3	1	18	Warum sollt' ich mich denn grämen, BWV 422.mp3	422	1	18	Warum sollt. ich mich denn grämen BWV422	Warum sollt' ich mich denn grämen, BWV 422	334	f4e9224f-ad35-4293-be8c-3ace82756807
01-19 Was betrübst du dich, mein Herze, BWV 423.mp3	1	19	Was betrübst du dich, mein Herze, BWV 423.mp3	423	1	19	Was betrübst du dich, mein Herze BWV423	Was betrübst du dich, mein Herze, BWV 425	336	7f8b032d-34c9-4c30-b9e4-fd0268b9c425
01-20 Was bist du doch, o Seele, so betrübet, BWV 424.mp3	1	20	Was bist du doch, o Seele, so betrübet, BWV 424.mp3	424	1	20	Was bist du doch, o Seele, so betrübet BWV424	Was bist du doch, o Seele, so betrübet, BWV 424	337	dec89b4a-5803-4839-9c33-ff37b3bc36eb
01-21 Nimm, was dein ist, und gehe hin, BWV 144- No. 3, Was Gott thut, das ist wohlgethan.mp3	1	21	Nimm, was dein ist, und gehe hin, BWV 144- No. 3, Was Gott thut, das ist wohlgethan.mp3	144	1	21	Was Gott thut, das ist wohlgethan (Cantata BWV144)	Was Gott thut, das ist wohlgethan, Cantata BWV 144	338	836ffae6-6952-4b18-9f26-2a64f938b289
01-22 Was Gott tut, das ist wohlgetan, BWV 99- No. 1, Was Gott thut, das ist wohlgethan.mp3	1	22	Was Gott tut, das ist wohlgetan, BWV 99- No. 1, Was Gott thut, das ist wohlgethan.mp3	99	1	22	Was Gott thut, das ist wohlgethan (Cantata BWV99)	Was Gott thut, das ist wohlgethan, Cantata BWV 99	341	8ea0ea58-2ff3-4d7b-b566-aa4331cca0cf
01-23 Matthäus-Passion, BWV 244- No. 25, Was mein Gott will, das g'scheh' allzeit.mp3	1	23	Matthäus-Passion, BWV 244- No. 25, Was mein Gott will, das g'scheh' allzeit.mp3	244	1	23	Was mein Gott will, das g.scheh. allzeit (Matthäus-Passion BWV244)	Was mein Gott will, das g'scheh' allzeit, St. Mathew Passion BWV 244	342	5b08ff76-ee04-4652-bff6-fe9401e9e40a
01-24 Nimm, was dein ist, und gehe hin, BWV 144- No. 6, Was mein Gott will, das g'scheh' allzeit.mp3	1	24	Nimm, was dein ist, und gehe hin, BWV 144- No. 6, Was mein Gott will, das g'scheh' allzeit.mp3	144	1	24	Was mein Gott will, das g.scheh. allzeit (Cantata BWV144)	Was mein Gott will, das g'scheh' allzeit, Cantata BWV 144	343	a576d6ff-e17a-4387-9139-15c36ff0c104
01-25 Alles nur nach Gottes Willen, BWV 72- No. 6, Was mein Gott will, das g'scheh' allzeit.mp3	1	25	Alles nur nach Gottes Willen, BWV 72- No. 6, Was mein Gott will, das g'scheh' allzeit.mp3	72	1	25	Was mein Gott will, das g.scheh. allzeit (Cantata BWV72)	Was mein Gott will, das g'scheh' allzeit, Cantata BWV 72	344	5730fd88-f0da-44b5-b681-d4b2c1a5a6c5
01-26 Was mein Gott will, das g'scheh allzeit, BWV 111- No. 1, Was mein Gott will, das g'scheh' allzeit.mp3	1	26	Was mein Gott will, das g'scheh allzeit, BWV 111- No. 1, Was mein Gott will, das g'scheh' allzeit.mp3	111	1	26	Was mein Gott will, das g.scheh. allzeit (Cantata BWV111)	Was mein Gott will, das g'scheh' allzeit, Cantata BWV 111	345	ee6324f7-8e7e-4874-ae3f-f1f6e30ca9eb
01-27 Sie werden aus Saba alle kommen, BWV 65- No. 7, Was mein Gott will, das g'scheh' allzeit.mp3	1	27	Sie werden aus Saba alle kommen, BWV 65- No. 7, Was mein Gott will, das g'scheh' allzeit.mp3	65	1	27	Was mein Gott will, das g.scheh. allzeit (Cantata BWV65)	Was mein Gott will, das g'scheh' allzeit, Cantata BWV 65	346	ebe0dd22-e557-4990-8f8b-aabe62eb254f
01-28 Ich hab in Gottes Herz und Sinn, BWV 92- No. 9, Was mein Gott will, das g'scheh' allzeit.mp3	1	28	Ich hab in Gottes Herz und Sinn, BWV 92- No. 9, Was mein Gott will, das g'scheh' allzeit.mp3	92	1	28	Was mein Gott will, das g.scheh. allzeit (Cantata BWV92)	Was mein Gott will, das g'scheh' allzeit, Cantata BWV 92	347	b84f24bb-3e38-49cd-8ddc-41a87d62d68e
01-29 Ihr werdet weinen und heulen, BWV 103- No. 6, Was mein Gott will, das g'scheh' allzeit.mp3	1	29	Ihr werdet weinen und heulen, BWV 103- No. 6, Was mein Gott will, das g'scheh' allzeit.mp3	103	1	29	Was mein Gott will, das g.scheh. allzeit (Cantata BWV103)	Was mein Gott will, das g'scheh' allzeit, Cantata BWV 103	348	901e3c82-07ff-4681-81eb-5025480db5bc
01-30 Was willst du dich, o meine Seele, BWV 425.mp3	1	30	Was willst du dich, o meine Seele, BWV 425.mp3	425	1	30	Was willst du dich, o meine Seele BWV425	Was willst du dich, o meine Seele, BWV 425	349	bb6a0bdc-3cc2-4cc0-b586-adafb2190f5a
01-31 Weltlich Ehr' und zeitlich Gut, BWV 426.mp3	1	31	Weltlich Ehr' und zeitlich Gut, BWV 426.mp3	426	1	31	Weltlich Ehr. und zeitlich Gut BWV426	Weltlich Ehr' und zeitlich Gut, BWV 426	351	7e9c0ded-65e1-4dd3-ae44-f20ee3433d04
01-32 Wenn ich in Angst und Noth, BWV 427.mp3	1	32	Wenn ich in Angst und Noth, BWV 427.mp3	427	1	32	Wenn ich in Angst und Noth BWV427	Wenn ich in Angst und Noth, BWV 427	352	8a55032e-faf4-4015-b1e3-44dade79688d
01-33 Wenn mein Stündlein vorhanden ist, BWV 430.mp3	1	33	Wenn mein Stündlein vorhanden ist, BWV 430.mp3	430	1	33	Wenn mein Stündlein vorhanden ist BWV430	Wenn mein Stündlein vorhanden ist, BWV 430	355	a05afb05-2e8a-4dc9-b766-e39114e25e67
01-34 Wenn wir in höchsten Nöthen sein, BWV 431.mp3	1	34	Wenn wir in höchsten Nöthen sein, BWV 431.mp3	431	1	34	Wenn wir in höchsten Nöthen sein BWV431	Wenn wir in höchsten Nöthen sein, BWV 431	358	d082df32-df04-4b89-aed8-6d55cc4d4687
01-35 Wenn wir in höchsten Nöthen sein, BWV 432.mp3	1	35	Wenn wir in höchsten Nöthen sein, BWV 432.mp3	432	1	35	Wenn wir in höchsten Nöthen sein BWV432	Wenn wir in höchsten Nöthen sein, BWV 432	359	8a5c3ff8-acc6-4bf5-b219-788b47d8000c
01-36 Werde munter, mein Gemüthe (Cantata, BWV 116).mp3	1	36	Werde munter, mein Gemüthe (Cantata, BWV 116).mp3	116	1	36	Werde munter, mein Gemüthe (Cantata BWV146)	Werde munter, mein Gemüthe, Cantata BWV 146	360	aa1b01e8-d126-4544-8122-51b8fde8847c
01-37 Werde munter, mein Gemüthe (St Matthew Passion, BWV 244).mp3	1	37	Werde munter, mein Gemüthe (St Matthew Passion, BWV 244).mp3	244	1	37	Werde munter, mein Gemüthe (Matthäus-Passion)	Werde munter, mein Gemüthe, St. Mathew Passion BWV 244	361	543f4654-dcdd-40bf-aa8f-699cc7c13071
01-38 Werde munter, mein Gemüthe, BWV 360.mp3	1	38	Werde munter, mein Gemüthe, BWV 360.mp3	360	1	38	Werde munter, mein Gemüthe BWV360	Werde munter, mein Gemüthe, BWV 360	364	2e6ed2cb-f6eb-4438-bcc0-96bc6427ad98
01-39 Werde munter, mein Gemüthe (Cantata, BWV 154).mp3	1	39	Werde munter, mein Gemüthe (Cantata, BWV 154).mp3	154	1	39	Werde munter, mein Gemüthe (Cantata BWV154)	Werde munter, mein Gemüthe, Cantata BWV 154	365	223c9acc-aec3-428f-8d06-7d961c9569ea
01-40 Wer Gott vertraut, hat wohlgebaut, BWV 433.mp3	1	40	Wer Gott vertraut, hat wohlgebaut, BWV 433.mp3	433	1	40	Wer Gott vertraut, hat wohlgebaut BWV433	Wer Gott vertraut, hat wohlgebaut, BWV 433	366	bad0addc-0310-4cb0-bbe9-3a8a6ea92de0
01-41 Wer nur den lieben Gott läßt walten, BWV 434.mp3	1	41	Wer nur den lieben Gott läßt walten, BWV 434.mp3	434	1	41	Wer nur den lieben Gott läßt walten BWV434	Wer nur den lieben Gott läßt walten, BWV 434	367	3e58f9be-beda-4f3b-953b-5f2c26dd73ad
01-42 Wer nur den lieben Gott läßt walten (Cantata, BWV 88).mp3	1	42	Wer nur den lieben Gott läßt walten (Cantata, BWV 88).mp3	88	1	42	Wer nur den lieben Gott läßt walten (Cantata BWV88)	Wer nur den lieben Gott läßt walten, Cantata BWV 88	368	51c1d458-e834-475e-8625-611f7408dc33
01-43 Wer nur den lieben Gott läßt walten, BWV 197.mp3	1	43	Wer nur den lieben Gott läßt walten, BWV 197.mp3	197	1	43	Wer nur den lieben Gott läßt walten BWV197	Wer nur den lieben Gott läßt walten, BWV 197	370	4415503a-f8e3-43e2-8b58-f8702ac47543
01-44 Wer nur den lieben Gott läßt walten (Cantata, BWV 179).mp3	1	44	Wer nur den lieben Gott läßt walten (Cantata, BWV 179).mp3	179	1	44	Wer nur den lieben Gott läßt walten (Cantata BWV179)	Wer nur den lieben Gott läßt walten, Cantata BWV 179	371	e57019d4-dee8-4fb3-8b56-642d8f581a1b
01-45 Wer nur den lieben Gott läßt walten (Cantata, BWV 166).mp3	1	45	Wer nur den lieben Gott läßt walten (Cantata, BWV 166).mp3	166	1	45	Wer nur den lieben Gott läßt walten (Cantata BWV166)	Wer nur den lieben Gott läßt walten, Cantata BWV 166	372	4bf442d8-8239-4427-9551-6afd00302e24
01-46 Wer nur den lieben Gott läßt walten (Cantata, BWV 84).mp3	1	46	Wer nur den lieben Gott läßt walten (Cantata, BWV 84).mp3	84	1	46	Wer nur den lieben Gott läßt walten (Cantata BWV84)	Wer nur den lieben Gott läßt walten, Cantata BWV 84	373	c5f6d61f-fb97-4cf4-b0fc-0c21dcbf79de
01-47 Wie bist du, Seele, in mir so gar betrübt, BWV 435.mp3	1	47	Wie bist du, Seele, in mir so gar betrübt, BWV 435.mp3	435	1	47	Wie bist du, Seele, in mir so gar betrübt BWV435	Wie bist du, Seele, in mir so gar betrübt, BWV 435	374	bf7450ad-cc16-43ec-8b2e-be790ab00111
01-48 Wie schön leuchtet der Morgenstern (Cantata, BWV 36).mp3	1	48	Wie schön leuchtet der Morgenstern (Cantata, BWV 36).mp3	36	1	48	Wie schön leuchtet der Morgenstern (Cantata BWV36)	Wie schön leuchtet der Morgenstern, Cantata BWV 36	377	ed5328fd-9b05-4812-9f43-54cb20242c39
01-49 Wo Gott der Herr nicht bei uns hält, BWV 258.mp3	1	49	Wo Gott der Herr nicht bei uns hält, BWV 258.mp3	258	1	49	Wo Gott der Herr nicht bei uns hält BWV258	Wo Gott der Herr nicht bei uns hält, BWV258	383	6a43daa4-63cc-48cf-9c8f-02d39f9337be
01-50 Wo Gott der Herr nicht bei uns hält (Cantata, BWV 178).mp3	1	50	Wo Gott der Herr nicht bei uns hält (Cantata, BWV 178).mp3	178	1	50	Wo Gott der Herr nicht bei uns hält (Cantata BWV178)	Wo Gott der Herr nicht bei uns hält, Cnatata BWV 178	384	e11560d8-0fe4-4be5-950c-8dd80a05e017
01-51 Wo Gott der Herr nicht bei uns hält, BWV 256.mp3	1	51	Wo Gott der Herr nicht bei uns hält, BWV 256.mp3	256	1	51	Wo Gott der Herr nicht bei uns hält BWV256	Wo Gott der Herr nicht bei uns hält, BWV 256	385	6344be83-b532-4bad-ada3-c6334c8e3870
01-52 Wo Gott der Herr nicht bei uns hält (Cantata, BWV 114).mp3	1	52	Wo Gott der Herr nicht bei uns hält (Cantata, BWV 114).mp3	114	1	52	Wo Gott der Herr nicht bei uns hält (Cantata BWV114)	Wo Gott der Herr nicht bei uns hält, Cantata BWV 114	386	672a5e51-8dfc-487b-85bf-1b9b0a786e28
01-53 Wo Gott der Herr nicht bei uns hält, BWV 257.mp3	1	53	Wo Gott der Herr nicht bei uns hält, BWV 257.mp3	257	1	53	Wo Gott der Herr nicht bei uns hält BWV257	Wo Gott der Herr nicht bei uns hält, BWV 257	388	ab318767-3950-4183-af95-30eb0288cc1e
01-54 Wo Gott zum Haus nicht gibt sein' Gunst, BWV 438.mp3	1	54	Wo Gott zum Haus nicht gibt sein' Gunst, BWV 438.mp3	438	1	54	Wo Gott zum Haus nicht gibt sein. Gunst BWV438	Wo Gott zum Haus nicht gibt sein' Gunst, BWV 438	389	fffb6703-b05c-4c05-b3d9-235ceba80861
01-55 Jesu, meine Freude (Cantata, BWV 64).mp3	1	55	Jesu, meine Freude (Cantata, BWV 64).mp3	64	2	1	Jesu, meine Freude (Cantata BWV64)	Jesu, meine Freude, Cantata BWV 64	200	c12230d1-4e1d-4ce9-ac6b-a18b4641ecd9
01-56 Jesu, meines Herzens Freud', BWV 361.mp3	1	56	Jesu, meines Herzens Freud', BWV 361.mp3	361	2	2	Jesu, meines Herzens Freud. BWV361	Jesu, meines Herzens Freud', BWV 361	202	8e2a60f5-be77-408f-a892-4de412b12423
01-57 Jesu, nun sei gepreiset, BWV 362.mp3	1	57	Jesu, nun sei gepreiset, BWV 362.mp3	362	2	3	Jesu, nun sei gepreiset BWV362	Jesu, nin sei gepreiset, BWV 362	203	26df3cab-076b-4257-8a98-e4351e77816c
01-58 Jesus, meine Zuversicht, BWV 365.mp3	1	58	Jesus, meine Zuversicht, BWV 365.mp3	365	2	4	Jesus, meine Zuversicht BWV365	Jesus, meine Zuversicht, BWV 365	208	2aa92602-a7bf-49bc-865e-e2331607ba35
01-59 Ihr Gestirn', ihr hohlen Lüfte, BWV 366.mp3	1	59	Ihr Gestirn', ihr hohlen Lüfte, BWV 366.mp3	366	2	5	Ihr Gestirn., ihr hohlen Lüfte BWV366	Ihr Gestirn', ihr hohlen Lüfte, BWV 366	210	dccde6e3-e566-4eab-b9bd-d61026bb9348
01-60 In allen meinen Thaten, BWV 367.mp3	1	60	In allen meinen Thaten, BWV 367.mp3	367	2	6	In allen meinen Thaten BWV367	In allen meinen Thaten, BWV 367	211	ec71ddfb-5ce6-4c31-a43b-552e796c4a5d
01-61 Ist Gott mein Schild und Helfersmann (Cantata, BWV 85).mp3	1	61	Ist Gott mein Schild und Helfersmann (Cantata, BWV 85).mp3	85	2	7	Ist Gott mein Schild und Helfersmann (Cantata BWV85)	Ist Gott mein Schild und Helfersmann, Cantata BWV 85	216	3d8d50df-82a3-4c4b-a88c-5b29dfb01df8
01-62 Keinen hat Gott verlassen, BWV 369.mp3	1	62	Keinen hat Gott verlassen, BWV 369.mp3	369	2	8	Keinen hat Gott verlassen BWV369	Keinen hat Gott verlassen, BWV 369	217	387a43af-b906-4309-b41c-13aed876c6eb
01-63 Komm, Gott Schöpfer, heiliger Geist, BWV 370.mp3	1	63	Komm, Gott Schöpfer, heiliger Geist, BWV 370.mp3	370	2	9	Komm, Gott Schöpfer, heiliger Geist BWV370	Komm, Gott Schöpfer, heiliger Geist, BWV 370	218	8363806d-afe6-4b2b-a460-604748a6e774
01-64 Komm, heiliger Geist, Herre Gott, BWV 226.mp3	1	64	Komm, heiliger Geist, Herre Gott, BWV 226.mp3	226	2	10	Komm, heiliger Geist, Herre Gott BWV226	Komm, heileger Geist, Herre Gott, BWV 226	221	61978acd-7fbb-4975-a040-a947bafcdf7e
01-65 Komm, Jesu komm, BWV 229.mp3	1	65	Komm, Jesu komm, BWV 229.mp3	229	2	11	Komm, Jesu komm BWV229	Komm, Jesu komm, BWV 229	222	b79d399f-75d1-47ce-8b30-439b1ff23f7d
01-66 Kommt her zu mir, spricht Gottes Sohn (Cantata, BWV 74).mp3	1	66	Kommt her zu mir, spricht Gottes Sohn (Cantata, BWV 74).mp3	74	2	12	Kommt her zu mir, spricht Gottes Sohn (Cantata BWV74)	Kommt her zu mir, spricht Gottes Sohn, Cantata BWV 74	223	9988c307-3599-4a8b-94be-ee9deb4db169
01-67 Kommt her zu mir, spricht Gottes Sohn (Cantata, BWV 108).mp3	1	67	Kommt her zu mir, spricht Gottes Sohn (Cantata, BWV 108).mp3	108	2	13	Kommt her zu mir, spricht Gottes Sohn (Cantata BWV108)	Kommt her zu mir, spricht Gottes Sohn, Cantata BWV 108	224	38c77251-f49a-41dc-92af-25eb06584622
01-68 Lass, o Herr, dein Ohr sich neigen, BWV 372.mp3	1	68	Lass, o Herr, dein Ohr sich neigen, BWV 372.mp3	372	2	14	Lass, o Herr, dein Ohr sich neigen BWV372	Lass, o Herr, dein Ohr sich neigen, BWV 372	226	072c25be-6bd9-4a25-b19d-070e6755bb55
01-69 Liebster Jesu, wir sind hier, BWV 373.mp3	1	69	Liebster Jesu, wir sind hier, BWV 373.mp3	373	2	15	Liebster Jesu, wir sind hier BWV373	Liebster Jesu, wir sind hier, BWV 373	228	9446902e-ed93-426d-b276-2bdc1ec6d2f8
01-70 Liebster Immanuel, Herzog der Frommen (Cantata, BWV 123).mp3	1	70	Liebster Immanuel, Herzog der Frommen (Cantata, BWV 123).mp3	123	2	16	Liebster Immanuel, Herzog der Frommen (Cantata BWV123)	Liebster Immanuel, Herzog der Frommen, Cantata BWV 123	229	6ddde4b3-24e6-4a0b-a369-5857e6ea10b4
01-71 Lobe den Herren, den mächtigen König der Ehren (Cantata, BWV 57).mp3	1	71	Lobe den Herren, den mächtigen König der Ehren (Cantata, BWV 57).mp3	57	2	17	Lobe den Herren, den mächtigen König der Ehren (Cantata BWV57)	Lobe den Herren, den mächtigen König der Ehren, Cantate BWV 57	231	91fe98e3-336d-4723-aa73-1c192bf0b07f
01-72 Lobet den Herren, denn er ist sehr freundlich, BWV 374.mp3	1	72	Lobet den Herren, denn er ist sehr freundlich, BWV 374.mp3	374	2	18	Lobet den Herren, denn er ist sehr freundlich BWV374	Lobet den Herren, denn er ist sehr freundlich, BWV 374	232	2319839b-52c4-4a8b-aa78-e4dced91bf61
01-73 Mach's mit mir, Gott, nach deiner Güt', BWV 377.mp3	1	73	Mach's mit mir, Gott, nach deiner Güt', BWV 377.mp3	377	2	19	Mach.s mit mir, Gott, nach deiner Güt. BWV377	Mach's mit mir, Gott, nach deiner Güt', BWV 377	237	9c47d19f-6bce-4214-ba69-241278644c19
01-74 Mach's mit mir, Gott, nach deiner Güt' (Cantata, BWV 139).mp3	1	74	Mach's mit mir, Gott, nach deiner Güt' (Cantata, BWV 139).mp3	139	2	20	Mach.s mit mir, Gott, nach deiner Güt. (Cantata BWV139)	Mach's mit mir, Gott, nach deiner Güt', Cantata BWV 139	238	6f4e64e6-17c1-4dde-8f11-33c2873561d7
01-75 Mein' Augen schließ' ich jetzt, BWV 378.mp3	1	75	Mein' Augen schließ' ich jetzt, BWV 378.mp3	378	2	21	Mein. Augen schließ. ich jetzt BWV378	Mein' Augen schließ' ich jetzt, BWV 378	240	15878173-8738-443f-849b-54601c0744f3
01-76 Meinen Jesum lass' ich nicht, Jesus, BWV 379.mp3	1	76	Meinen Jesum lass' ich nicht, Jesus, BWV 379.mp3	379	2	22	Meinen Jesum lass. ich nicht, Jesus BWV379	Meinen Jesum lass' ich nicht, Jesus, BWV 379	241	9533507f-7e98-4955-9a37-de794d21d7e1
01-77 Meinen Jesum lass' ich nicht, BWV 380.mp3	1	77	Meinen Jesum lass' ich nicht, BWV 380.mp3	380	2	23	Meinen Jesum lass. ich nicht BWV380	Meinen Jesum lass' ich nicht, BWV 380	242	388892ea-68a3-44a9-9e4b-c231bc03eddd
01-78 Meinen Jesum lass' ich nicht.mp3	1	78	Meinen Jesum lass' ich nicht.mp3		2	24			245	38a56dd2-ef4d-459e-8583-56e8ff0cd25f
01-79 Meinen Jesum lass' ich nicht (Cantata, BWV 124).mp3	1	79	Meinen Jesum lass' ich nicht (Cantata, BWV 124).mp3	124	2	25	Meinen Jesum lass. ich nicht (Cantata BWV124)	Meinen Jesum lass' ich nicht, Cantata BWV 124	246	44b48d07-528b-4a87-b869-d03ffb7d1d46
01-80 Meines Lebens letzte Zeit, BWV 381.mp3	1	80	Meines Lebens letzte Zeit, BWV 381.mp3	381	2	26	Meines Lebens letzte Zeit BWV381	Meines Lebens letzte Zeit, BWV 381	248	f919effc-48dc-4153-9c1d-f44220770108
01-81 Mit Fried' und Freud' ich fahr' dahin, BWV 382.mp3	1	81	Mit Fried' und Freud' ich fahr' dahin, BWV 382.mp3	382	2	27	Mit Fried. und Freud. ich fahr. dahin BWV382	Mit Fried' und Freud' ich fahr' dahin, BWV 382	249	088453ce-af6d-4a18-8023-241fe3d7018e
01-82 Mit Fried' und Freud' ich fahr' dahin (Cantate, BWV 83).mp3	1	82	Mit Fried' und Freud' ich fahr' dahin (Cantate, BWV 83).mp3	83	2	28	Mit Fried. und Freud. ich fahr. dahin (Cantata BWV83)	Mit Fried' und Freud' ich fahr' dahin, Cantate BWV 83	250	dd04ac2f-53ad-4072-bbdf-e1c79cbd3689
01-83 Mit Fried' und Freud' ich fahr' dahin (Cantata, BWV 125).mp3	1	83	Mit Fried' und Freud' ich fahr' dahin (Cantata, BWV 125).mp3	125	2	29	Mit Fried. und Freud. ich fahr. dahin (Cantata BWV125)	Mit Fried' und Freud' ich fahr' dahin, Cantata BWV 125	251	051bed3f-c30a-400e-a501-5705f94969ab
01-84 Mitten wir im Leben sind, BWV 383.mp3	1	84	Mitten wir im Leben sind, BWV 383.mp3	383	2	30	Mitten wir im Leben sind BWV383	Mitten wir im Leben sind, BWV 383	252	3b8ee50d-96ed-49ca-96b8-6661b85baed0
01-85 Nicht so traurig, nicht so sehr, BWV 384.mp3	1	85	Nicht so traurig, nicht so sehr, BWV 384.mp3	384	2	31	Nicht so traurig, nicht so sehr BWV384	Nicht so traurig, nicht so sehr, BWV 384	253	0a582b07-815f-420f-877d-a71f02d07407
01-86 Nun bitten wir den heiligen Geist, BWV 385.mp3	1	86	Nun bitten wir den heiligen Geist, BWV 385.mp3	385	2	32	Nun bitten wir den heiligen Geist BWV385	Nun bitten wir den heiligen Geist, BWV 385	254	b9383143-85e6-4cd5-8ab3-cf5abc7753dc
01-87 Nun bitten wir den heiligen Geist (Cantata, BWV 169).mp3	1	87	Nun bitten wir den heiligen Geist (Cantata, BWV 169).mp3	169	2	33	Nun bitten wir den heiligen Geist (Cantata BWV169)	Nun bitten wir den heiligen Geist, Cantata BWV 169	256	976473b3-786c-4316-a4e4-9a676277c12d
01-88 Nun danket alle Gott, BWV 386.mp3	1	88	Nun danket alle Gott, BWV 386.mp3	386	2	34	Nun danket alle Gott BWV386	Nun danket alle Gott, BWV 386	257	4c8fd196-4d33-48a4-94f0-3e09c48235dd
01-89 Nun freut euch, Gottes Kinder all, BWV 387.mp3	1	89	Nun freut euch, Gottes Kinder all, BWV 387.mp3	387	2	35	Nun freut euch, Gottes Kinder all BWV387	Nun freut euch, Gottes Kinder all, BWV 387	260	57b199f2-d2f3-440d-be75-101271c6b276
01-90 Nun lasst uns Gott, dem Herren (Cantata, BWV 165).mp3	1	90	Nun lasst uns Gott, dem Herren (Cantata, BWV 165).mp3	165	2	36	Nun lasst uns Gott, dem Herren (Cantata BWV165)	Nun lasst uns Gott, dem Herren, Cantata BWV 165	266	d93365fc-a40c-4d37-8884-e5754f5db582
01-91 Nun lob', mein' Seel', den Herren, BWV 389.mp3	1	91	Nun lob', mein' Seel', den Herren, BWV 389.mp3	389	2	37	Nun lob., mein. Seel., den Herren BWV389	Nun lob', mein' Seel', den Herren, BWV 389	269	8fca2fab-d21f-491a-b050-ec87e5261a61
01-92 Nun lob', mein' Seel', den Herren, BWV 390.mp3	1	92	Nun lob', mein' Seel', den Herren, BWV 390.mp3	390	2	38	Nun lob., mein. Seel., den Herren BWV390	Nun lob', mein' Seel', den Herren, BWV 390	270	bc404da1-03b2-4a4d-9571-bf9f23f717a4
01-93 Nun preiset alle Gottes Barmherzigkeit, BWV 391.mp3	1	93	Nun preiset alle Gottes Barmherzigkeit, BWV 391.mp3	391	2	39	Nun preiset alle Gottes Barmherzigkeit BWV391	Nun preiset alle Gottes Barmherzigkeit, BWV 391	273	3c7cf114-7303-47d1-81ac-c33700e2d9d0
01-94 Nun sich der Tag geendet hat, BWV 396.mp3	1	94	Nun sich der Tag geendet hat, BWV 396.mp3	396	2	40	Nun sich der Tag geendet hat BWV396	Nun sich der Tag geendet hat, BWV 396	274	40e2c802-45a1-469c-a587-6747bb24bd49
01-95 O Ewigkeit, du Donnerwort, BWV 397.mp3	1	95	O Ewigkeit, du Donnerwort, BWV 397.mp3	397	2	41	O Ewigkeit, du Donnerwort BWV397	O Ewigkeit, du Donnerwort, BWV 397	275	54297a63-3c60-472d-b119-424804d0b99c
01-96 O Ewigkeit, du Donnerwort (Cantata, BWV 20).mp3	1	96	O Ewigkeit, du Donnerwort (Cantata, BWV 20).mp3	20	2	42	O Ewigkeit, du Donnerwort (Cantata BWV20)	O Ewigkeit, du Donnerwort, Cantata BWV 20	276	f4916069-efb3-4367-aaf3-f4a170bb5dd9
01-97 O Gott, du frommer Gott, BWV 398.mp3	1	97	O Gott, du frommer Gott, BWV 398.mp3	398	2	43	O Gott, du frommer Gott BWV398	O Gott, du frommer Gott, BWV 398	277	24d2b564-060a-4bdd-830b-1bdb9db6f591
01-98 O Gott, du frommer Gott (Cantata, BWV 64, 94).mp3	1	98	O Gott, du frommer Gott (Cantata, BWV 64, 94).mp3	64	2	44	O Gott, du frommer Gott (Cantatas BWV64, 94)	O Gott, du frommer Gott, Cantata BWV 64, 94	280	30f1790a-ecf1-451d-afc9-06f64a056e5f
01-99 O Gott, du frommer Gott, BWV 399.mp3	1	99	O Gott, du frommer Gott, BWV 399.mp3	399	2	45	O Gott, du frommer Gott BWV399	O Gott, du frommer Gott, BWV 399	282	7975e771-56af-4a95-b4b8-a04302eb4c69
01-100 O Herre Gott, dein göttlich Wort (Cantata, BWV 184).mp3	1	100	O Herre Gott, dein göttlich Wort (Cantata, BWV 184).mp3	184	2	46	O Herre Gott, dein göttlich Wort (Cantata BWV184)	O Herre Gott, dein göttlich Wort, Cantata BWV 184	283	86fd3310-f8ee-4567-b54c-7da403433308
01-101 O Welt, ich muß dich lassen, BWV 392.mp3	1	101	O Welt, ich muß dich lassen, BWV 392.mp3	392	2	47	O Welt, ich muß dich lassen BWV392	O Welt, ich muß dich lassen, BWV 392	298	03b160a8-7c1a-4ab7-96aa-075e80c3c9f2
01-102 O wie selig seid ihr doch, ihr Frommen, BWV 405.mp3	1	102	O wie selig seid ihr doch, ihr Frommen, BWV 405.mp3	405	2	48	O wie selig seid ihr doch, ihr Frommen BWV405	O wie selig seid ihr doch, ihr Frommen, BWV 405	299	e737b38e-e304-4acb-9707-712fddec7342
02-01 O wie selig seid ihr doch, ihr Frommen, BWV 406.mp3	2	1	O wie selig seid ihr doch, ihr Frommen, BWV 406.mp3	406	2	49	O wie selig seid ihr doch, ihr Frommen BWV406	O wie selig seid ihr doch, ihr Frommen, BWV 406	300	b3d2d1f7-27ad-457f-9228-db426f01231b
02-02 Schmücke dich, o liebe Seele (Cantata, BWV 180).mp3	2	2	Schmücke dich, o liebe Seele (Cantata, BWV 180).mp3	180	2	50	Schmücke dich, o liebe Seele (Cantata BWV180)	Schmücke dich, o liebe Seele, Cantata BWV 180	304	fbd47b79-3ef7-4dca-bbaf-a10231090672
02-03 Als der gütige Gott, BWV 264.mp3	2	3	Als der gütige Gott, BWV 264.mp3	264	3	1	Als der gütige Gott BWV264	Als der gütige Gott, BWV 264	20	6cfd7455-bdaf-48d0-a51d-72b6f6e6ca52
02-04 Das neugeborne Kindelein (Cantata, BWV 122).mp3	2	4	Das neugeborne Kindelein (Cantata, BWV 122).mp3	122	3	2	Das neugeborne Kindelein (Cantata BWV122)	Das neugeborne Kindelein, Cantata BWV 122	57	dc9c84de-bd93-4a1d-b66a-bb06a1a8ef64
02-05 Der Tag, der ist so freudenreich, BWV 294.mp3	2	5	Der Tag, der ist so freudenreich, BWV 294.mp3	294	3	3	Der Tag, der ist so freudenreich BWV294	Der Tag, der ist so freudenreich, BWV 294	62	423025df-ffe1-4948-9d5c-2e323f25b6a5
02-06 Ermuntre dich, mein schwacher Geist (Christmas Oratorio, BWV 248).mp3	2	6	Ermuntre dich, mein schwacher Geist (Christmas Oratorio, BWV 248).mp3	248	3	4	Ermuntre dich, mein schwacher Geist (Christmas Oratorio BWV248)	Ermuntre dich, mein schwacher Geist, Christmas Oratorio BWV 248	80	5f64592b-56fa-4db2-a828-1e635ab77e3d
02-07 Freuet euch, ihr Christen alle (Cantata, BWV 40).mp3	2	7	Freuet euch, ihr Christen alle (Cantata, BWV 40).mp3	40	3	5	Freuet euch, ihr Christen alle (Cantata BWV40)	Freuet euch, ihr Christen alle, Cantata BWV 40	105	24a370de-8852-4a68-a12b-5a4e252af30d
02-08 Für Freuden laßt uns springen, BWV 313.mp3	2	8	Für Freuden laßt uns springen, BWV 313.mp3	313	3	6	Für Freuden laßt uns springen BWV313	Für Freuden laßt uns springen, BWV 313	106	3a232ab1-702f-4162-b705-27d6e743d46c
02-09 Gelobet seist du, Jesu Christ, BWV 314.mp3	2	9	Gelobet seist du, Jesu Christ, BWV 314.mp3	314	3	7	Gelobet seist du, Jesu Christ BWV314	Gelobet seist du, Jesu Christ, BWV 314	107	86050979-f691-4bc7-9547-072c6456364a
02-10 Gelobet seist du, Jesu Christ (Cantata, BWV 64).mp3	2	10	Gelobet seist du, Jesu Christ (Cantata, BWV 64).mp3	64	3	8	Gelobet seist du, Jesu Christ (Cantata BWV64)	Gelobet seist du, Jesu Christ, Cantata BWV 64	108	4b47a166-2319-43be-8983-b647deb8cfe7
02-11 Gelobet seist du, Jesu Christ (Christmas Oratorio).mp3	2	11	Gelobet seist du, Jesu Christ (Christmas Oratorio).mp3		3	9	Gelobet seist du, Jesu Christ (Christmas Oratorio)	Gelobet seist du, Jesu Christ, Christmas Oratorio	110	a3c65150-3169-42aa-8e5b-d2c228f8ee76
02-12 Gott des Himmels und der Erden (Christmas Oratorio).mp3	2	12	Gott des Himmels und der Erden (Christmas Oratorio).mp3		3	10	Gott des Himmels und der Erden (Christmas Oratorio)	Gott des Himmels und der Erden, Christmas Oratorio	114	f2027aa5-b9ff-4d3f-84ef-f7790a02c061
02-13 Gottes Sohn ist kommen, BWV 318.mp3	2	13	Gottes Sohn ist kommen, BWV 318.mp3	318	3	11	Gottes Sohn ist kommen BWV318	Gottes Sohn ist kommen, BWV 318	115	b7c41a80-c62c-481d-acf9-4b31d9c7cb8e
02-14 Herzlich thut mich verlangen (Christmas Oratorio).mp3	2	14	Herzlich thut mich verlangen (Christmas Oratorio).mp3		3	12	Herzlich thut mich verlangen (Christmas Oratorio)	Herzlich thut mich verlangen, Christmas Oratorio	165	681bf9ad-47bb-45cb-8d37-a03eed6a25a7
02-15 Ich freue mich in dir (Cantata, BWV 133).mp3	2	15	Ich freue mich in dir (Cantata, BWV 133).mp3	133	3	13	Ich freue mich in dir (Cantata BWV133)	Ich freue mich in dir, Cantata BWV 133	181	2887eeb9-18c6-40ab-a614-042dbdf523c8
02-16 In dich hab' ich gehoffet, Herr (Christmas Oratorio).mp3	2	16	In dich hab' ich gehoffet, Herr (Christmas Oratorio).mp3		3	14	In dich hab. ich gehoffet, Herr (Christmas Oratorio)	In dich hab' ich gehoffet, Herr, Christmas Oratorio	214	c72e71d4-3729-4c98-be3e-e238153fc734
02-17 In dulci jubilo, BWV 368.mp3	2	17	In dulci jubilo, BWV 368.mp3	368	3	15	In dulci jubilo BWV368	In dulci jubilo, BWV 368	215	a2b9e24b-9863-4cb3-997f-aa4fa441b9fd
02-18 Lobt Gott, ihr Christen allzugleich, BWV 375.mp3	2	18	Lobt Gott, ihr Christen allzugleich, BWV 375.mp3	375	3	16	Lobt Gott, ihr Christen allzugleich BWV375	Lobt Gott, ihr Christen allzugleich, BWV 375	233	ddccebb2-b2da-4424-96ab-04b7b68f868b
02-19 Lobt Gott, ihr Christen allzugleich (Cantata, BWV 151).mp3	2	19	Lobt Gott, ihr Christen allzugleich (Cantata, BWV 151).mp3	151	3	17	Lobt Gott, ihr Christen allzugleich (Cantata BWV151)	Lobt Gott, ihr Christen allzugleich, Cantata BWV 151	235	af012dba-a620-45fa-bbcf-d875f78d54c4
02-20 Nun freut euch, lieben Christen g'mein, BWV 388.mp3	2	20	Nun freut euch, lieben Christen g'mein, BWV 388.mp3	388	3	18	Nun freut euch, lieben Christen g.mein BWV388	Nun freut euch, lieben Christen g'mein, BWV 388	261	29138cfb-919a-45f2-8a25-213a94945276
02-21 Nun freut euch, lieben Christen g'mein, BWV 307.mp3	2	21	Nun freut euch, lieben Christen g'mein, BWV 307.mp3	307	3	19	Nun freut euch, lieben Christen g.mein BWV307	Nun freut euch, lieben Christen g'mein, BWV 307	262	0f4a3020-d121-4c5b-b4aa-cf5a1a5c773a
02-22 Nun freut euch, lieben Christen g'mein (Christmas Oratorio).mp3	2	22	Nun freut euch, lieben Christen g'mein (Christmas Oratorio).mp3		3	20	Nun freut euch, lieben Christen g.mein (Christmas Oratorio)	Nun freut euch, lieben Christen g'mein, Christmas Oratorio	263	69fc513a-20a0-4c3a-b721-e96a993c464d
02-23 Nun komm, der Heiden Heiland (Cantata, BWV 36).mp3	2	23	Nun komm, der Heiden Heiland (Cantata, BWV 36).mp3	36	3	21	Nun komm, der Heiden Heiland (Cantata BWV36)	Nun komm, der Heiden Heiland, Cantata BWV 36	264	02c0ccb3-d87a-4255-94dc-21491d2b1fb8
02-24 Nun komm, der Heiden Heiland (Cantata, BWV 62).mp3	2	24	Nun komm, der Heiden Heiland (Cantata, BWV 62).mp3	62	3	22	Nun komm, der Heiden Heiland (Cantata BWV62)	Nun komm, der Heiden Heiland, Cantata BWV 62	265	c61fb1f4-0d64-4481-b21f-33283cdebbbd
02-25 Puer natus in Bethlehem (Cantata, BWV 65).mp3	2	25	Puer natus in Bethlehem (Cantata, BWV 65).mp3	65	3	23	Puer natus in Bethlehem (Cantata BWV65)	Puer natus in Bethlehem, Cantata BWV 65	302	4409df4e-5486-4a0c-a98a-68a0174b401d
02-26 Uns ist ein Kindlein heut' gebor'n, BWV 414.mp3	2	26	Uns ist ein Kindlein heut' gebor'n, BWV 414.mp3	414	3	24	Uns ist ein Kindlein heut. gebor.n BWV414	Uns ist ein Kindlein heut' gebor'n, BWV 414	313	f293d502-78b1-4ce2-b0cd-2afff89e0078
02-27 Vom Himmel hoch, da komm ich her (Christmas Oratorio).mp3	2	27	Vom Himmel hoch, da komm ich her (Christmas Oratorio).mp3		3	25	Vom Himmel hoch, da komm ich her (Christmas Oratorio)	Vom Himmel hoch, da komm ich her, Christmas Oratorio	323	94b1b10f-4459-4413-834e-05a528717fc9
02-28 Wachet auf, ruft uns die Stimme (Cantata, BWV 140).mp3	2	28	Wachet auf, ruft uns die Stimme (Cantata, BWV 140).mp3	140	3	26	Wachet auf, ruft uns die Stimme (Cantata BWV140)	Wachet auf, ruft uns die Stimme, Cantata BWV 140	329	906688d4-6185-47e1-a572-2e17c120fc2b
02-29 Warum sollt' ich mich denn grämen (Christmas Oratorio).mp3	2	29	Warum sollt' ich mich denn grämen (Christmas Oratorio).mp3		3	27	Warum sollt. ich mich denn grämen (Christmas Oratorio)	Warum sollt' ich mich denn grämen, Christmas Oratorio	335	38f3503e-18d5-433b-b5a2-f0d7710cd548
02-30 Wir Christenleut' (Cantata, BWV 40).mp3	2	30	Wir Christenleut' (Cantata, BWV 40).mp3	40	3	28	Wir Christenleut. (Cantata BWV40)	Wir Christenleut', Cantata BWV 40	379	f6d143e1-cee3-4145-9798-c2a041bd3855
02-31 Wir Christenleut' (Cantate, BWV 110).mp3	2	31	Wir Christenleut' (Cantate, BWV 110).mp3	110	3	29	Wir Christenleut. (Cantata BWV110)	Wir Christenleut', Cantate BWV110	380	e0ab6bb5-9208-4e6c-8c19-40761c4a59fe
02-32 Wir Christenleut' (Christmas Oratorio).mp3	2	32	Wir Christenleut' (Christmas Oratorio).mp3		3	30	Wir Christenleut. (Christmas Oratorio)	Wir Christenleut', Christmas Oratorio	381	bced0d82-0630-4be8-a162-747ae2890344
02-33 Kyrie, Gott Vater in Ewigkeit, BWV 371.mp3	2	33	Kyrie, Gott Vater in Ewigkeit, BWV 371.mp3	371	3	31	Kyrie, Gott Vater in Ewigkeit BWV371	Kyrie, Gott Vater in Ewigkeit, BWV 371	225	6d389961-f595-4587-b7c6-cda58cdeb04d
02-34 Allein Gott in der Höh' sei Ehr', BWV 260.mp3	2	34	Allein Gott in der Höh' sei Ehr', BWV 260.mp3	260	3	32	Allein Gott in der Höh. sei Ehr. BWV260	Allein Gott in der Höh' sei Ehr', BWV 260	12	ac02e145-c51c-423c-a6fb-dcae1f1952ae
02-35 Wir glauben all' an einen Gott, BWV 437.mp3	2	35	Wir glauben all' an einen Gott, BWV 437.mp3	437	3	33	Wir glauben all. an einen Gott BWV437	Wir glauben all' an einen Gott BWV 437	382	34c1478e-91f2-4f4f-a803-91a1e2547967
02-36 Heilig, heilig, BWV 325.mp3	2	36	Heilig, heilig, BWV 325.mp3	325	3	34	Heilig, heilig BWV325	Heilig, heilig, BWV 325	123	03da3cb5-2abb-47ca-ada5-12daab5e8517
02-37 Sanctus, sanctus Dominus Deus Sabaoth, BWV 325.mp3	2	37	Sanctus, sanctus Dominus Deus Sabaoth, BWV 325.mp3	325	3	35	Sanctus, sanctus Dominus Deus Sabaoth BWV325	Sanctus, sanctus Dominus Deus Sabaoth, BWV 325	123	4bc84d07-8985-494b-a3f0-184258b6b14c
02-38 Dies sind die heil'gen zehn Gebot', BWV 298.mp3	2	38	Dies sind die heil'gen zehn Gebot', BWV 298.mp3	298	3	36	Dies sind die heil.gen zehn Gebot. BWV298	Dies sind die heil'gen zehn Gebot', BWV 298	66	9fdf76a5-df84-4c0e-83ef-c74653db5868
02-39 Meine Seele erhebt den Herren (Cantata, BWV 10).mp3	2	39	Meine Seele erhebt den Herren (Cantata, BWV 10).mp3	10	3	37	Meine Seele erhebt den Herren (Cantata BWV10)	Meine Seele erhebt den Herren, Cantata BWV 10	122	a00f298f-a50d-45c9-83d8-4f21c81b3f30
02-40 Vater unser im Himmelreich, BWV 416.mp3	2	40	Vater unser im Himmelreich, BWV 416.mp3	416	3	38	Vater unser im Himmelreich BWV416	Vater unser im Himmelreich, BWV 416	316	7e148d06-a4bc-48d4-8b85-92ec58addce1
02-41 Vater unser im Himmelreich (St John Passion, BWV 245).mp3	2	41	Vater unser im Himmelreich (St John Passion, BWV 245).mp3	245	3	39	Vater unser im Himmelreich (Johannes-Passion BWV245)	Vater unser im Himmelreich, St. John Passion BWV 245	317	12bd9d50-de53-4dc9-b16e-8cde1f707a15
02-42 Verleih' uns Frieden genädiglich (Cantata, BWV 126).mp3	2	42	Verleih' uns Frieden genädiglich (Cantata, BWV 126).mp3	126	3	40	Verleih. uns Frieden genädiglich (Cantata BWV126)	Verleih' uns Frieden genädiglich, Cantata BWV 126	321	99b72ed6-161d-4821-b91d-4dd735f4957e
02-43 Verleih' uns Frieden genädiglich (Cantata, BWV 42).mp3	2	43	Verleih' uns Frieden genädiglich (Cantata, BWV 42).mp3	42	3	41	Verleih. uns Frieden genädiglich (Cantata BWV42)	Verleih' uns Frieden genädiglich, Cantata BWV 42	322	babc1494-bd37-4804-829f-119924029d87
02-44 Ach Gott, vom Himmel sieh' darein (Cantata, BWV 2).mp3	2	44	Ach Gott, vom Himmel sieh' darein (Cantata, BWV 2).mp3	2	4	1	Ach Gott, vom Himmel sieh. darein (Cantata BWV2)	Ach Gott, vom Himmel sieh' darein, Cantata BWV 2	7	63347767-8bd5-4f11-9c1a-42ee65125b00
02-45 Ach Gott, wie manches Herzeleid (Cantata, BWV 153).mp3	2	45	Ach Gott, wie manches Herzeleid (Cantata, BWV 153).mp3	153	4	2	Ach Gott, wie manches Herzeleid (Cantata BWV153)	Ach Gott, wie manches Herzeleid, Cantata BWV 153	9	b86966fe-5f36-4ad3-8ef9-5f3e5b05debe
02-46 Als Jesus Christus in der Nacht, BWV 265.mp3	2	46	Als Jesus Christus in der Nacht, BWV 265.mp3	265	4	3	Als Jesus Christus in der Nacht BWV265	Als Jesu Christus in der Nacht, BWV 265	21	722ae0ae-6e03-4c79-b1e0-02a364bc436f
02-47 An Wasserflüssen Babylon, BWV 267.mp3	2	47	An Wasserflüssen Babylon, BWV 267.mp3	267	4	4	An Wasserflüssen Babylon BWV267	An Wasserflüssen Babylon, BWV 267	23	c41f00a0-ff13-4d3f-aa9f-22d7440cf464
02-48 Christ ist erstanden, BWV 276.mp3	2	48	Christ ist erstanden, BWV 276.mp3	276	4	5	Christ ist erstanden BWV276	Christ ist erstanden, BWV 276	36	b465c89d-2baf-40ea-bed5-48ede9a25f5c
02-49 Christ ist erstanden (Cantata, BWV 66).mp3	2	49	Christ ist erstanden (Cantata, BWV 66).mp3	66	4	6	Christ ist erstanden (Cantata BWV66)	Christ ist erstanden, Cantata BWV 66	37	7ffa2392-9ee8-4985-b2a7-1f4672ab75c5
02-50 Christ lag in Todesbanden, BWV 277.mp3	2	50	Christ lag in Todesbanden, BWV 277.mp3	277	4	7	Christ lag in Todesbanden BWV277	Christ lag in Todesbanden, BWV 277	38	d6466ebd-c584-4f41-9c2d-52c3f19cf440
02-51 Christ lag in Todesbanden, BWV 278.mp3	2	51	Christ lag in Todesbanden, BWV 278.mp3	278	4	8	Christ lag in Todesbanden BWV278	Christ lag in Todesbanden, BWV 278	39	1f705286-a944-4301-8042-7f4bb12e157a
02-52 Christ lag in Todesbanden, BWV 279.mp3	2	52	Christ lag in Todesbanden, BWV 279.mp3	279	4	9	Christ lag in Todesbanden BWV279	Christ lag in Todesbanden, BWV 279	40	b3064346-2811-483e-9402-3ab80f2e90c2
02-53 Christ lag in Todesbanden (Cantata, BWV 4).mp3	2	53	Christ lag in Todesbanden (Cantata, BWV 4).mp3	4	4	10	Christ lag in Todesbanden (Cantata BWV4)	Christ lag in Todesbanden, Cantata BWV 4	41	82b49b79-a454-47ca-a046-44f7e0be374b
02-54 Christus, der uns selig macht (BWV 283).mp3	2	54	Christus, der uns selig macht (BWV 283).mp3	283	4	11	Christus, der uns selig macht ZBWV283)	Christus, der uns selig macht, BWV 285	48	92798cf2-8337-4d6e-908d-da01d3d04310
02-55 Christus, der uns selig macht, Pt. 1 (St John Passion, BWV 245).mp3	2	55	Christus, der uns selig macht, Pt. 1 (St John Passion, BWV 245).mp3	245	4	12	Christus, der uns selig macht (Johannes-Passion BWV245)	Christus, der uns selig macht, St. John Passion BWV 245	49	0ac512c8-86a7-4ec0-9e90-1d06bacfdf9a
02-56 Christus, der uns selig macht, No. 2 (St John Passion, BWV 245).mp3	2	56	Christus, der uns selig macht, No. 2 (St John Passion, BWV 245).mp3	245	4	13	Christus, der uns selig macht (Johannes-Passion)	Christus, der uns selig macht, St. John Passion	50	2d72ac32-4dc2-48ea-8923-092323882f06
02-57 Christus ist erstanden, hat überwunden, BWV 284.mp3	2	57	Christus ist erstanden, hat überwunden, BWV 284.mp3	284	4	14	Christus ist erstanden, hat überwunden BWV284	Christus ist erstanden, hat überwunden, BWV 284	51	e089ffbd-53cb-4c93-bc54-94780259f24d
02-58 Da der Herr Christ zu Tische saß, BWV 285.mp3	2	58	Da der Herr Christ zu Tische saß, BWV 285.mp3	285	4	15	Da der Herr Christ zu Tische saß BWV285	Da der Herr Christ zu Tische saß, BWV 285	52	3bd92fe5-5703-4c2c-8621-34f722d96266
02-59 Des heil'gen Geistes reiche Gnad', BWV 205.mp3	2	59	Des heil'gen Geistes reiche Gnad', BWV 205.mp3	205	4	16	Des heil.gen Geistes reiche Gnad. BWV205	Des heil'gen Geistes reiche Gnad', BWV 205	63	5f875f1d-e11c-4bec-9346-b89b67617b2a
02-60 Du grosser Schmerzensmann, BWV 300.mp3	2	60	Du grosser Schmerzensmann, BWV 300.mp3	300	4	17	Du grosser Schmerzensmann BWV300	Du grosser Schmerzensmann, BWV 300	70	e0ce0d14-e236-487f-b5a5-1dcf2d25aa07
02-61 Ermuntre dich, mein schwacher Geist (Cantata, BWV 43).mp3	2	61	Ermuntre dich, mein schwacher Geist (Cantata, BWV 43).mp3	43	4	18	Ermuntre dich, mein schwacher Geist (Cantata BWV43)	Ermuntre dich, mein schwacher Geist, Cantata BWV 45	81	d2803e59-cf70-4f0c-9195-09ff94be1057
02-62 Erschienen ist der herrlich' Tag (Cantata, BWV 67).mp3	2	62	Erschienen ist der herrlich' Tag (Cantata, BWV 67).mp3	67	4	19	Erschienen ist der herrlich. Tag (Cantata BWV67)	Erschienen ist der herrlich' Tag, Cantata BWV 67	83	e47b9a7a-f1e0-4c8a-ae1c-b723de38c7bf
02-63 Erschienen ist der herrlich' Tag (Cantata, BWV 145).mp3	2	63	Erschienen ist der herrlich' Tag (Cantata, BWV 145).mp3	145	4	20	Erschienen ist der herrlich. Tag (Cantata BWV145)	Erschienen ist der herrlich' Tag, Cantata BWV 145	84	aa157d5d-36ab-4ee0-aa7d-d556921ddadd
02-64 Erstanden ist der heilig' Christ, BWV 306.mp3	2	64	Erstanden ist der heilig' Christ, BWV 306.mp3	306	4	21	Erstanden ist der heilig. Christ BWV306	Erstanden ist der heilig' Christ, BWV 306	85	a5438847-3851-4909-9ab9-a4ce6be90aba
02-65 Es ist das Heil uns kommen her (Cantata, BWV 9).mp3	2	65	Es ist das Heil uns kommen her (Cantata, BWV 9).mp3	9	4	22	Es ist das Heil uns kommen her (Cantata BWV9)	Es ist das Heil uns kommen her, Cantata BWV 9	87	a42213af-2341-43f8-bc0f-b6645c15f916
02-66 Es ist das Heil uns kommen her (Cantata, BWV 155).mp3	2	66	Es ist das Heil uns kommen her (Cantata, BWV 155).mp3	155	4	23	Es ist das Heil uns kommen her (Cantata BWV155)	Es ist das Heil uns kommen her, Cantata BWV 155	88	1e475fe4-097f-4335-9042-de68d29c4f5d
02-67 Gott sei gelobet und gebenedeiet, BWV 322.mp3	2	67	Gott sei gelobet und gebenedeiet, BWV 322.mp3	322	4	24	Gott sei gelobet und gebenedeiet BWV322	Gott sei gelobet und gebenedeiet, BWV 322	119	4070a7e2-a4a4-40af-8436-d8391f10b7ef
02-68 Herzlich lieb hab' ich dich, o Herr (St John Passion).mp3	2	68	Herzlich lieb hab' ich dich, o Herr (St John Passion).mp3		4	25	Herzlich lieb hab. ich dich, o Herr (Johannes-Passion)	Herzlich lieb hab' ich dich, o Herr, St. John Passion	154	0fc064d1-7100-459a-8ade-3a0db1334dd3
02-69 Herzlich thut mich verlangen (St Matthew Passion, BWV 244).mp3	2	69	Herzlich thut mich verlangen (St Matthew Passion, BWV 244).mp3	244	4	26	Herzlich thut mich verlangen (Matthäus-Passion BWV244)	Herzlich thut mich verlangen, St. Matthew Passion BWV 244	163	76db0362-aa33-4aac-8adf-40453f8f7200
02-70 Herzlich thut mich verlangen (St Matthew Passion).mp3	2	70	Herzlich thut mich verlangen (St Matthew Passion).mp3		4	27	Herzlich thut mich verlangen (Matthäus-Passion)	Herzlich thut mich verlangen, St. Matthew Passion	162	f758190d-4597-4721-93ff-82f6b66f819f
02-71 Herzliebster Jesu, was hast du verbrochen (St Matthew Passion).mp3	2	71	Herzliebster Jesu, was hast du verbrochen (St Matthew Passion).mp3		4	28	Herzliebster Jesu, was hast du verbrochen (Matthäus-Passion)	Herzliebster Jesu, was hast du verbrochen, St. Matthew Passion	166	ccd3dec4-b846-4379-8c80-bb66d5f8e46b
02-72 Herzliebster Jesu, was hast du verbrochen 2 (St Matthew Passion).mp3	2	72	Herzliebster Jesu, was hast du verbrochen 2 (St Matthew Passion).mp3		4	29	Herzliebster Jesu, was hast du verbrochen (Matthäus-Passion)	Herzliebster Jesu, was hast du verbrochen, St. Matthew Passion	167	cc61d559-212b-4874-b3c4-1d7ecabc1781
02-73 Herzliebster Jesu, was hast du verbrochen (St John Passion).mp3	2	73	Herzliebster Jesu, was hast du verbrochen (St John Passion).mp3		4	30	Herzliebster Jesu, was hast du verbrochen (Johannes-Passion)	Herzliebster Jesu, was hast du verbrochen, St. John Passion	168	083f1d81-8ed7-41be-bf18-b6711b966288
02-74 Herzliebster Jesu, was hast du verbrochen 2 (St John Passion).mp3	2	74	Herzliebster Jesu, was hast du verbrochen 2 (St John Passion).mp3		4	31	Herzliebster Jesu, was hast du verbrochen (Johannes-Passion)	Herzliebster Jesu, was hast du verbrochen, St. Matthew Passion	169	cd290444-ca5e-424b-826c-91a06b645c31
02-75 Heut' ist, o Mensch, ein großer Trauertag, BWV 341.mp3	2	75	Heut' ist, o Mensch, ein großer Trauertag, BWV 341.mp3	341	4	32	Heut. ist, o Mensch, ein großer Trauertag BWV341	Heut' ist, o Mensch, ein großer Trauertag, BWV 341	170	070d8ee1-9680-4db7-8a32-4c377e62c2b4
02-76 Heut' triumphieret Gottes Sohn, BWV 342.mp3	2	76	Heut' triumphieret Gottes Sohn, BWV 342.mp3	342	4	33	Heut. triumphieret Gottes Sohn BWV342	Heut' triumphieret Gottes Sohn, BWV 342	171	ad474c5b-00ff-409e-a5c9-11ba6f6313da
02-77 Jesu Leiden, Pein und Tod, No. 1 (St John Passion, BWV 245).mp3	2	77	Jesu Leiden, Pein und Tod, No. 1 (St John Passion, BWV 245).mp3	245	4	34	Jesu Leiden, Pein und Tod (Johannes-Passion)	Jesu Leiden, Pein und Tod, St. John Passion	192	546abaca-a3b3-46c6-974e-c1e916921de8
02-78 Jesu Leiden, Pein und Tod, No. 2 (St John Passion, BWV 245).mp3	2	78	Jesu Leiden, Pein und Tod, No. 2 (St John Passion, BWV 245).mp3	245	4	35	Jesu Leiden, Pein und Tod (Johannes-Passion)	Jesu Leiden, Pein und Tod, St. John Passion	193	7ed812d3-1b74-464c-a3bc-2e17b82535b9
02-79 Jesu Leiden, Pein und Tod (Cantata, BWV 159).mp3	2	79	Jesu Leiden, Pein und Tod (Cantata, BWV 159).mp3	159	4	36	Jesu Leiden, Pein und Tod (Cantata BWV159)	Jesu Leiden, Pein und Tod, Cantata BWV 159	194	570cf8f9-5d4d-46eb-bfad-9fe50fcc6d96
02-80 Jesus Christus, unser Heiland, BWV 363.mp3	2	80	Jesus Christus, unser Heiland, BWV 363.mp3	363	4	37	Jesus Christus, unser Heiland BWV363	Jesus Christus, unser Heiland, BWV 363	206	1254cd37-a9ae-44f9-8fcd-fb69d9f2901b
02-81 Jesus Christus, unser Heiland, BWV 364.mp3	2	81	Jesus Christus, unser Heiland, BWV 364.mp3	364	4	38	Jesus Christus, unser Heiland BWV364	Jesus Christus, unser Heiland, BWV 364	207	82edc268-b5ba-4dbd-a1d1-38366be23510
02-82 Jesus, meine Zuversicht (Cantata, BWV 145).mp3	2	82	Jesus, meine Zuversicht (Cantata, BWV 145).mp3	145	4	39	Jesus, meine Zuversicht (Cantata BWV145)	Jesus, meine Zuversicht, Cantata BWV 145	209	b4a0b18d-1fc2-4278-82ea-d734ceb8c621
02-83 In dich hab' ich gehoffet, Herr (St Matthew Passion, BWV 244).mp3	2	83	In dich hab' ich gehoffet, Herr (St Matthew Passion, BWV 244).mp3	244	4	40	In dich hab. ich gehoffet, Herr (Matthäus-Passion)	In dich hab' ich gehoffet, Herr, St. Matthew Passion	213	49350695-76f6-41d6-acdc-a48e43e70682
02-84 Mach's mit mir, Gott, nach deiner Güt' (St John Passion, BWV 245).mp3	2	84	Mach's mit mir, Gott, nach deiner Güt' (St John Passion, BWV 245).mp3	245	4	41	Mach.s mit mir, Gott, nach deiner Güt. (Johannes-Passion)	Mach's mit mir, Gott, nach deiner Güt', St. John Passion	239	fc93035f-6bc3-4e1e-b018-7ed0d86f5ae4
02-85 Meinen Jesum lass' ich nicht (St Matthew Passion, BWV 244).mp3	2	85	Meinen Jesum lass' ich nicht (St Matthew Passion, BWV 244).mp3	244	4	42	Meinen Jesum lass. ich nicht (Matthäus-Passion)	Meinen Jesum lass' ich nicht, St. Matthew Passion	247	65a7ec50-0bb7-42f9-95b2-8d1dabc7bbb9
02-86 O Herzensangst, o Bangigkeit und Zagen, BWV 400.mp3	2	86	O Herzensangst, o Bangigkeit und Zagen, BWV 400.mp3	400	4	43	O Herzensangst, o Bangigkeit und Zagen BWV400	O Herzensangst, o Bangigkeit und Zagen, BWV 400	284	af98cdfa-914a-4e59-8b7d-b5fe732ae132
02-87 O Lamm Gottes, unschuldig, BWV 401.mp3	2	87	O Lamm Gottes, unschuldig, BWV 401.mp3	401	4	44	O Lamm Gottes, unschuldig BWV401	O Lamm Gottes, unschuldig, BWV 401	285	7840fc33-683c-43de-a275-e1c57b10b129
02-88 O Mensch, bewein' dein Sünde groß, BWV 402.mp3	2	88	O Mensch, bewein' dein Sünde groß, BWV 402.mp3	402	4	45	O Mensch, bewein. dein Sünde groß BWV402	O Mensch, bewein' dein Sünde groß, BWV 402	286	80b9aaf3-97fa-49c7-980f-4f3dc8dfb2a9
02-89 O Mensch, schau Jesum Christum an, BWV 403.mp3	2	89	O Mensch, schau Jesum Christum an, BWV 403.mp3	403	4	46	O Mensch, schau Jesum Christum an BWV403	O Mensch, schau Jesum Christum an, BWV 405	287	2d7bc3f1-a63e-4a9c-84ba-4d44f7ea8158
02-90 O Traurigkeit, o Herzeleid, BWV 404.mp3	2	90	O Traurigkeit, o Herzeleid, BWV 404.mp3	404	4	47	O Traurigkeit, o Herzeleid BWV404	O Traurigkeit, O Herzeleid, BWV 404	288	22d4c7af-b562-4a89-b20b-ebf913c0f2ba
02-91 O Welt, ich muß dich lassen, BWV 394.mp3	2	91	O Welt, ich muß dich lassen, BWV 394.mp3	394	4	48	O Welt, ich muß dich lassen BWV394	O Welt, ich muß dich lassen, BWV 394	290	30df5cf4-66cc-4f41-8038-74d8681112ba
02-92 O Welt, ich muß dich lassen, No. 1 (St Matthew Passion, BWV 244).mp3	2	92	O Welt, ich muß dich lassen, No. 1 (St Matthew Passion, BWV 244).mp3	244	4	49	O Welt, ich muß dich lassen (Matthäus-Passion)	O Welt, ich muß dich lassen, St. Matthew Passion	294	10a32d79-e3e7-483a-95ff-069b7b34dff0
02-93 O Welt, ich muß dich lassen (St John Passion, BWV 245).mp3	2	93	O Welt, ich muß dich lassen (St John Passion, BWV 245).mp3	245	4	50	O Welt, ich muß dich lassen (Johannes-Passion)	O Welt, ich muß dich lassen, St. John Passion	293	9d9827e7-76c6-4433-b2d3-8c1fc79fa4ba
02-94 O Welt, ich muß dich lassen, No. 2 (St Matthew Passion, BWV 244).mp3	2	94	O Welt, ich muß dich lassen, No. 2 (St Matthew Passion, BWV 244).mp3	244	4	51	O Welt, ich muß dich lassen (Matthäus-Passion)	O Welt, ich muß dich lassen, St. Matthew Passion	292	d4252d86-936c-437e-a477-e094fb30807a
02-95 O wir armen Sünder, BWV 407.mp3	2	95	O wir armen Sünder, BWV 407.mp3	407	4	52	O wir armen Sünder BWV407	O wir armen Sünder, BWV 407	301	ebf49c14-198e-4e26-b0b3-4d61790bd582
02-96 Schaut, ihr Sünder, BWV 408.mp3	2	96	Schaut, ihr Sünder, BWV 408.mp3	408	4	53	Schaut, ihr Sünder BWV408	Schaut, ihr Sünder, BWV 408	303	8dd9af6b-91a3-4c18-9b53-7ef6486ef0e7
02-97 Sei gegrüßet, Jesu gütig, BWV 410.mp3	2	97	Sei gegrüßet, Jesu gütig, BWV 410.mp3	410	4	54	Sei gegrüßet, Jesu gütig BWV410	Sei gegrüßet, Jesu gütig, BWV 410	307	c27ad9ae-8950-4515-afcb-f89729fa9b91
02-98 So giebst du nun, mein Jesu, gute Nacht, BWV 412.mp3	2	98	So giebst du nun, mein Jesu, gute Nacht, BWV 412.mp3	412	4	55	So giebst du nun, mein Jesu, gute Nacht BWV412	So giebst du nun, mein Jesu, gute Nacht, BWV 412	310	a523ed2b-402b-43ff-a355-aeaab3efdf64
02-99 Valet will ich dir geben (St John Passion).mp3	2	99	Valet will ich dir geben (St John Passion).mp3		4	56	Valet will ich dir geben (Johannes-Passion)	Valet will ich dir geben, St. John Passion	315	b7ffd162-21d2-47c3-96f4-8cf5732e3911
02-100 Werde munter, mein Gemüthe (St Matthew Passion).mp3	2	100	Werde munter, mein Gemüthe (St Matthew Passion).mp3				duplicate of 01-37 (Chorale no. 361)			
02-101 Ach bleib bei uns, Herr Jesu Christ, BWV 253.mp3	2	101	Ach bleib bei uns, Herr Jesu Christ, BWV 253.mp3	253	5	1	Ach bleib bei uns, Herr Jesu Christ BWV253	Ach bleib bei uns, Herr Jesu Christ, BWV 253	1	688b2af6-8cbd-487c-bfb8-b36a6517dfc5
02-102 Ach Gott, erhör' mein Seufzen!, BWV 254.mp3	2	102	Ach Gott, erhör' mein Seufzen!, BWV 254.mp3	254	5	2	Ach Gott, erhör. mein Seufzen! BWV254	Ach Gott, erhör' mein Seufzen!, BWV 254	2	3ddc5341-a4b8-4124-a9bd-4f7da057bf8a
03-01 Ach Gott und Herr, BWV 255.mp3	3	1	Ach Gott und Herr, BWV 255.mp3	255	5	3	Ach Gott und Herr BWV255	Ach Gott und Herr, BWV 255	3	bd76aab5-038c-40d5-a878-862862fab963
03-02 Ach Gott, vom Himmel sieh' darein (Cantata, BWV 153).mp3	3	2	Ach Gott, vom Himmel sieh' darein (Cantata, BWV 153).mp3	153	5	4	Ach Gott, vom Himmel sieh. darein (Cantata BWV153)	Ach Gott, vom Himmel sieh' darein, Cantata BWV 153	5	800bbab5-df54-456b-b7f9-c49508e325f6
03-03 Ach Gott, wie manches Herzeleid (Cantata, BWV 3).mp3	3	3	Ach Gott, wie manches Herzeleid (Cantata, BWV 3).mp3	3	5	5	Ach Gott, wie manches Herzeleid (Cantata BWV3)	Ach Gott, wie manches Herzeleid, Cantata BWV 3	8	6160795c-eb7e-4b9f-b193-6e84474f28ae
03-04 Ach, was soll ich Sünder machen, BWV 259.mp3	3	4	Ach, was soll ich Sünder machen, BWV 259.mp3	259	5	6	Ach, was soll ich Sünder machen BWV259	Ach, was soll ich Sünder machen, BWV 259	10	67de9b8d-6588-45fc-9bb7-c0a042ed4194
03-05 Allein zu dir, Herr Jesu Christ, BWV 261.mp3	3	5	Allein zu dir, Herr Jesu Christ, BWV 261.mp3	261	5	7	Allein zu dir, Herr Jesu Christ BWV261	Allein zu dir, Herr Jesu Christ, BWV 261	15	97d6648b-e288-4e83-bf9d-d14949c355c3
03-06 Alle Menschen müssen sterben (Cantata, BWV 162).mp3	3	6	Alle Menschen müssen sterben (Cantata, BWV 162).mp3	162	5	8	Alle Menschen müssen sterben (Cantata BWV162)	Alle Menschen müssen sterben, Cantata BWV 162	18	4dac9f80-29f4-47b1-afdd-ee180ea8ffb1
03-07 Auf, auf, mein Herz, und du mein ganzer Sinn, BWV 268.mp3	3	7	Auf, auf, mein Herz, und du mein ganzer Sinn, BWV 268.mp3	268	5	9	Auf, auf, mein Herz, und du mein ganzer Sinn BWV268	Auf, auf, mein Herz, und du mein ganzer Sinn, BWV 268	24	ca1c23fa-466a-42f4-b875-fffe7c33b8ec
03-08 Auf meinen lieben Gott (Cantata, BWV 188).mp3	3	8	Auf meinen lieben Gott (Cantata, BWV 188).mp3	188	5	10	Auf meinen lieben Gott (Cantata BWV188)	Auf meinen lieben Gott, Cantata BWV 188	25	c7197014-16db-45a4-9966-04773d91969c
03-09 Auf meinen lieben Gott (Cantate, BWV 89).mp3	3	9	Auf meinen lieben Gott (Cantate, BWV 89).mp3	89	5	11	Auf meinen lieben Gott (Cantata BWV89)	Auf meinen lieben Gott, Cantate BWV 89	26	e91fa7d6-2ec4-4a22-98a7-667fc1a18817
03-10 Auf meinen lieben Gott (Cantata, BWV 5).mp3	3	10	Auf meinen lieben Gott (Cantata, BWV 5).mp3	5	5	12	Auf meinen lieben Gott (Cantata BWV5)	Auf meinen lieben Gott, Cantata BWV 5	28	0ff983dc-1628-491c-a399-009e8f0ba428
03-11 Auf meinen lieben Gott (Cantate, BWV 148).mp3	3	11	Auf meinen lieben Gott (Cantate, BWV 148).mp3	148	5	13	Auf meinen lieben Gott (Cantata BWV148)	Auf meinen lieben Gott, Cantate BWV 148	29	83a82f36-81d5-4a22-8fd9-c9f4ecb19290
03-12 Aus meines Herzens Grunde, BWV 269.mp3	3	12	Aus meines Herzens Grunde, BWV 269.mp3	269	5	14	Aus meines Herzens Grunde BWV269	Aus meines Herzens Grunde, BWV 269	30	5d43a970-4140-4053-8535-6372d668cf9d
03-13 Aus tiefer Noth schrei ich zu dir (Cantata, BWV 38).mp3	3	13	Aus tiefer Noth schrei ich zu dir (Cantata, BWV 38).mp3	38	5	15	Aus tiefer Noth schrei ich zu dir (Cantata BWV38)	Aus tiefer Noth schrei ich zu dir, Cantata BWV 38	31	6bf4eb56-55e7-410a-8c8d-a6ec8bcf0e04
03-14 Befiehl du deine Wege, BWV 272.mp3	3	14	Befiehl du deine Wege, BWV 272.mp3	272	5	16	Befiehl du deine Wege BWV272	Befiehl du deine Wege, BWV 272	32	15507800-46ff-4eee-ae12-f0f68974f6dd
03-15 Christ, der du bist der helle Tag, BWV 273.mp3	3	15	Christ, der du bist der helle Tag, BWV 273.mp3	273	5	17	Christ, der du bist der helle Tag BWV273	Christ, der du bist der helle Tag, BWV 275	33	565048ce-d9cf-4cdf-a462-8370def8f6fe
03-16 Christe, der du bist Tag und Licht, BWV 274.mp3	3	16	Christe, der du bist Tag und Licht, BWV 274.mp3	274	5	18	Christe, der du bist Tag und Licht BWV274	Christe, der du bist Tag und Licht, BWV 274	34	bcd3f33f-7372-49db-84ac-d6ea0f663f6a
03-17 Christe, du Beistand deiner Kreuzgemeinde, BWV 275.mp3	3	17	Christe, du Beistand deiner Kreuzgemeinde, BWV 275.mp3	275	5	19	Christe, du Beistand deiner Kreuzgemeinde BWV275	Christe, du beistand deiner Kreuzgemeinde, BWV 275	35	f566c96b-26b3-4cd6-9d70-bdfbcc438d4b
03-18 Christ, unser Herr, zum Jordan kam, BWV 280.mp3	3	18	Christ, unser Herr, zum Jordan kam, BWV 280.mp3	280	5	20	Christ, unser Herr, zum Jordan kam BWV280	Christ, unser Herr, zum Jordan kam, BWV 280	43	fd83880b-44b7-42a8-b9f2-5e83b3e71a3b
03-19 Christ, unser Herr, zum Jordan kam (Cantata, BWV 176).mp3	3	19	Christ, unser Herr, zum Jordan kam (Cantata, BWV 176).mp3	176	5	21	Christ, unser Herr, zum Jordan kam (Cantata BWV176)	Christ, unser Herr, zum Jordan kam, Cantata BWV 176	45	1e615e6d-8f9d-439d-9be3-443b6f865184
03-20 Christus, der ist mein Leben, BWV 281.mp3	3	20	Christus, der ist mein Leben, BWV 281.mp3	281	5	22	Christus, der ist mein Leben BWV281	Christus, der ist mein Leben, BWV 281	46	cf179fc8-80de-4953-987a-574fddc3ce9f
03-21 Christus, der ist mein Leben BVW282.mp3	3	21	Christus, der ist mein Leben BVW282.mp3		5	23	Christus, der ist mein Leben BVW282	Christus, der ist mein Leben, BWV 282	47	7face35d-fdb1-4f45-aff6-180c1dba6bdd
03-22 Danket dem Herrn, denn er ist freundlich, BWV 286.mp3	3	22	Danket dem Herrn, denn er ist freundlich, BWV 286.mp3	286	5	24	Danket dem Herrn, denn er ist freundlich BWV286	Danket dem Herrn, denn er ist freundlich, BWV 286	53	a5b5b0f9-82e3-49f8-b3df-22caea2c1a53
03-23 Dank sei Gott in der Höhe, BWV 287.mp3	3	23	Dank sei Gott in der Höhe, BWV 287.mp3	287	5	25	Dank sei Gott in der Höhe BWV287	Dank sei Gott in der Höhe, BWV 287	54	dfc53950-3c47-461a-928f-38ef6b2ee92c
03-24 Das alte Jahr vergangen ist, BWV 288.mp3	3	24	Das alte Jahr vergangen ist, BWV 288.mp3	288	5	26	Das alte Jahr vergangen ist BWV288	Das alte Jahr vergangen ist, BWV 288	55	ffe40ee9-a041-4063-ab33-d42a7738ff69
03-25 Das walt' Gott Vater und Gott Sohn, BWV 290.mp3	3	25	Das walt' Gott Vater und Gott Sohn, BWV 290.mp3	290	5	27	Das walt. Gott Vater und Gott Sohn BWV290	Das walt' Gott Vater und Gott Sohn, BWV 290	58	8d9316d3-45e0-411e-ae9b-8c62712b1a61
03-26 Das walt' mein Gott, BWV 291.mp3	3	26	Das walt' mein Gott, BWV 291.mp3	291	5	28	Das walt. mein Gott BWV291	Das walt' mein Gott, BWV 291	59	76a7fe9c-d637-4770-8bad-b475ce20efa9
03-27 Den Vater dort oben, BWV 292.mp3	3	27	Den Vater dort oben, BWV 292.mp3	292	5	29	Den Vater dort oben BWV292	Den Vater dort oben, BWV 292	60	9fa36f94-13f8-44b1-a156-e1340e6323b0
03-28 Der du bist drei in Einigkeit, BWV 293.mp3	3	28	Der du bist drei in Einigkeit, BWV 293.mp3	293	5	30	Der du bist drei in Einigkeit BWV293	Der du bist drei in Einigkeit, BWV 295	61	5b4d3d24-3a03-43b3-9ac3-68605de980bf
03-29 Die Nacht ist kommen, BWV 296.mp3	3	29	Die Nacht ist kommen, BWV 296.mp3	296	5	31	Die Nacht ist kommen BWV296	Die nacht ist kommen, BWV 296	64	6ee85743-c42b-4f73-9ac2-02a1b4747052
03-30 Die Sonn' hat sich mit ihrem Glanz, BWV 297.mp3	3	30	Die Sonn' hat sich mit ihrem Glanz, BWV 297.mp3	297	5	32	Die Sonn. hat sich mit ihrem Glanz BWV297	Die Sonn' hat sich mit ihrem Glanz, BWV 297	65	cfff8cf3-e438-4034-92e8-7b0dc453fb6e
03-31 Dir, dir, Jehova, will ich singen, BWV 299.mp3	3	31	Dir, dir, Jehova, will ich singen, BWV 299.mp3	299	5	33	Dir, dir, Jehova, will ich singen BWV299	Dir, dir, Jehova, will ich singen, BWV 299	67	85be0286-3b51-4d03-a2a5-5a54c3bac710
03-32 Du Friedefürst, Herr Jesu Christ (Cantata, BWV 67).mp3	3	32	Du Friedefürst, Herr Jesu Christ (Cantata, BWV 67).mp3	67	5	34	Du Friedefürst, Herr Jesu Christ (Cantata BWV67)	Due Friedefürst, Herr Jesu Christ, Cantata BWV 67	68	3a01bbc3-a543-4c07-b603-00d821072266
03-33 Du Friedefürst, Herr Jesu Christ (Cantata, BWV 116).mp3	3	33	Du Friedefürst, Herr Jesu Christ (Cantata, BWV 116).mp3	116	5	35	Du Friedefürst, Herr Jesu Christ (Cantata BWV116)	Due Friedefürst, Herr Jesu Christ, Cantata BWV 116	69	477f8e79-f133-4674-b70d-4cb93f56c3c5
03-34 Du, o schönes Weltgebäude, BWV 301.mp3	3	34	Du, o schönes Weltgebäude, BWV 301.mp3	301	5	36	Du, o schönes Weltgebäude BWV301	Du, o schönes Weltgebäude, BWV 301	71	f1c3c099-e541-493d-a716-9535ee8f3cd5
03-35 Du, o schönes Weltgebäude (Cantata, BWV 56).mp3	3	35	Du, o schönes Weltgebäude (Cantata, BWV 56).mp3	56	5	37	Du, o schönes Weltgebäude (Cantata BWV56)	Du, o schönes Weltgebäude, Cantata BWV 56	72	3cd8e56a-f820-4f0b-8124-daabd05c95ec
03-36 Durch Adams Fall ist ganz verderbt (Cantata, BWV 18).mp3	3	36	Durch Adams Fall ist ganz verderbt (Cantata, BWV 18).mp3	18	5	38	Durch Adams Fall ist ganz verderbt (Cantata BWV18)	Durch Adams Fall ist ganz verderbt, Cantata BWV 18	73	45e0dd14-4425-4eb9-8891-b7e4c7bd91c5
03-37 Ein' feste Burg ist unser Gott, BWV 302.mp3	3	37	Ein' feste Burg ist unser Gott, BWV 302.mp3	302	5	39	Ein. feste Burg ist unser Gott BWV302	Ein' feste Burg ist unser Gott, BWV 302	74	ec595aa2-1332-4f85-a9cf-c64c527d6c2b
03-38 Ein' feste Burg ist unser Gott, BWV 303.mp3	3	38	Ein' feste Burg ist unser Gott, BWV 303.mp3	303	5	40	Ein. feste Burg ist unser Gott BWV303	Ein' feste Burg ist unser Gott, BWV 303	75	5368cf02-1951-41cb-937f-9fcbe4fb2243
03-39 Ein' feste Burg ist unser Gott (Cantata, BWV 80).mp3	3	39	Ein' feste Burg ist unser Gott (Cantata, BWV 80).mp3	80	5	41	Ein. feste Burg ist unser Gott (Cantata BWV80)	Ein' feste Burg ist unser Gott, Cantata BWV 80	76	d9ca4e75-62d1-4aca-a7af-86a5b5afc32e
03-40 Eins ist noth, ach Herr, dies Eine, BWV 304.mp3	3	40	Eins ist noth, ach Herr, dies Eine, BWV 304.mp3	304	5	42	Eins ist noth, ach Herr, dies Eine BWV304	Eins ist noth, ach Herr, dies Eine, BWV 304	77	1d67371c-3f4d-4880-b3ca-a68f89d416b7
03-41 Erbarm' dich mein, o Herre Gott, BWV 305.mp3	3	41	Erbarm' dich mein, o Herre Gott, BWV 305.mp3	305	5	43	Erbarm. dich mein, o Herre Gott BWV305	Erbarm' dich mein, o Herre Gott, BWV 305	78	1ea42cd0-2480-429a-ae44-4bf67ccc547a
03-42 Erhalt' uns, Herr, bei deinem Wort (Cantata, BWV 6).mp3	3	42	Erhalt' uns, Herr, bei deinem Wort (Cantata, BWV 6).mp3	6	5	44	Erhalt. uns, Herr, bei deinem Wort (Cantata BWV6)	Erhalt' uns, Herr, bei deinem Wort, Cantata BWV 6	79	352cbd31-052c-44ac-9820-9b6d359625ea
03-43 Es ist das Heil uns kommen her (Cantata, BWV 117).mp3	3	43	Es ist das Heil uns kommen her (Cantata, BWV 117).mp3	117	5	45	Es ist das Heil uns kommen her (Cantata BWV117)	Es ist das Heil uns kommen her, Cantata BWV 117	90	c56708c4-ec08-449f-b8a0-deeabd0d8f59
03-44 Es ist genug; so nimm, Herr, meinen Geist (Cantata, BWV 60).mp3	3	44	Es ist genug; so nimm, Herr, meinen Geist (Cantata, BWV 60).mp3	60	5	46	Es ist genug; so nimm, Herr, meinen Geist (Cantata BWV60)	Es ist genug; so nimm, Herr, meinen Geist, Cantata BWV 60	91	c5715301-2a29-4ad9-aff1-3990a410e867
03-45 Es spricht der Unweisen Mund wohl, BWV 308.mp3	3	45	Es spricht der Unweisen Mund wohl, BWV 308.mp3	308	5	47	Es spricht der Unweisen Mund wohl BWV308	Es spricht der Unweisen Mund wohl, BWV 308	92	847d1825-f992-45ae-a6a7-d9834191f28e
03-46 Es steh'n vor Gottes Throne, BWV 309.mp3	3	46	Es steh'n vor Gottes Throne, BWV 309.mp3	309	5	48	Es steh.n vor Gottes Throne BWV309	Es steh'n vor Gottes Throne, BWV 309	93	a5fdbae3-4f01-42df-ac69-bcbc318e6ecc
03-47 Es wir schier der letzte Tag herkommen, BWV 310.mp3	3	47	Es wir schier der letzte Tag herkommen, BWV 310.mp3	310	5	49	Es wir schier der letzte Tag herkommen BWV310	Es wir schier der letzte Tag herkommen, BWV 310	94	219dd179-fb8c-4d0c-9f68-58afb3e2d16f
03-48 Es woll' uns Gott genädig sein, BWV 312.mp3	3	48	Es woll' uns Gott genädig sein, BWV 312.mp3	312	5	50	Es woll. uns Gott genädig sein BWV312	Es woll' uns Gott genädig sein, BWV 312	96	66f26f41-036e-4460-8929-3f8bf70c9362
03-49 Freu dich sehr, o meine Seel (Cantata, BWV 70).mp3	3	49	Freu dich sehr, o meine Seel (Cantata, BWV 70).mp3	70	5	51	Freu dich sehr, o meine Seel (Cantata BWV70)	Freu dich sehr, o meine Seel, Cantata BWV 70	98	f2fdd774-8ddd-44b8-b576-d20b80470a09
03-50 Freu dich sehr, o meine Seele (Cantate, BWV 39).mp3	3	50	Freu dich sehr, o meine Seele (Cantate, BWV 39).mp3	39	5	52	Freu dich sehr, o meine Seele (Cantata BWV39)	Freu dich sehr, o meine Seele, Cantate BWV 39	104	e0ad7af6-5f1a-45ca-babd-05bc10a1e5e5
03-51 Gib dich zufrieden und sei stille, BWV 315.mp3	3	51	Gib dich zufrieden und sei stille, BWV 315.mp3	315	5	53	Gib dich zufrieden und sei stille BWV315 1.07(Johannes-Passion)	Gib dich zufrieden und sei stille, BWV 315	111	f630c8b6-1b86-4c7e-a6aa-853bb16b7215
03-52 Gott, der du selber bist das Licht, BWV 316.mp3	3	52	Gott, der du selber bist das Licht, BWV 316.mp3	316	6	1	Gott, der du selber bist das Licht BWV316	Gott, der du selber bist das Licht, BWV 316	112	51f860ec-fbf0-49e0-a849-5b6244688bb1
03-53 Gott hat das Evangelium, BWV 319.mp3	3	53	Gott hat das Evangelium, BWV 319.mp3	319	6	2	Gott hat das Evangelium BWV319	Gott hat das Evangelium, BWV 319	116	16a117c9-2972-44f9-906f-5f0ecc0a9cc5
03-54 Gott lebet noch, BWV 320.mp3	3	54	Gott lebet noch, BWV 320.mp3	320	6	3	Gott lebet noch BWV320	Gott lebet noch, BWV 320	117	613f52d7-3d11-4c3a-b1a9-d560f0197868
03-55 Gottlob, es geht nunmehr zu Ende, BWV 321.mp3	3	55	Gottlob, es geht nunmehr zu Ende, BWV 321.mp3	321	6	4	Gottlob, es geht nunmehr zu Ende BWV321	Gottlob, es geht nunmehr zu Ende, BWV 321	118	f980a618-5976-485d-b962-078442593e95
03-56 Helft mir Gott's Güte preisen (Cantata, BWV 16).mp3	3	56	Helft mir Gott's Güte preisen (Cantata, BWV 16).mp3	16	6	5	Helft mir Gott.s Güte preisen (Cantata BWV16)	Helft mir Gott's Güte preisen, Cantata BWV 16	125	fb1ba6df-cbb7-4605-be04-85d7a3b4089b
03-57 Helft mir Gott's Güte preisen (Cantata, BWV 183).mp3	3	57	Helft mir Gott's Güte preisen (Cantata, BWV 183).mp3	183	6	6	Helft mir Gott.s Güte preisen (Cantata BWV183)	Helft mir Gott's Güte preisen, Cantata BWV 185	126	47fc7428-545f-48e9-a74b-a9491b51b639
03-58 Herr Christ, der einig' Gott's Sohn (Cantata, BWV 164).mp3	3	58	Herr Christ, der einig' Gott's Sohn (Cantata, BWV 164).mp3	164	6	7	Herr Christ, der einig. Gott.s Sohn (Cantata BWV164)	Herr Christ, der einig' Gott's Sohn, Cantata BWV 164	127	6feb5c97-9b02-4c54-999a-a550e1fe8408
03-59 Herr Christ, der einig' Gott's Sohn (Cantata, BWV 96).mp3	3	59	Herr Christ, der einig' Gott's Sohn (Cantata, BWV 96).mp3	96	6	8	Herr Christ, der einig. Gott.s Sohn (Cantata BWV96)	Herr Christ, der einig' Gott's Sohn, Cantata BWV 96	128	83b21c0c-fb5f-4b90-87dc-6a8d735e8ac6
03-60 Herr Gott, dich loben alle wir, BWV 326.mp3	3	60	Herr Gott, dich loben alle wir, BWV 326.mp3	326	6	9	Herr Gott, dich loben alle wir BWV326	Herr Gott, dich loben alle wir, BWV 326	129	bca87785-008b-447f-8da8-04edca04bc56
03-61 Herr Gott, dich loben alle wir, BWV 327.mp3	3	61	Herr Gott, dich loben alle wir, BWV 327.mp3	327	6	10		Herr Gott, dich loben alle wir BWV327	132	bed3e181-b12b-4948-8229-2b569ff901dc
03-62 Herr Gott, dich loben alle wir, BWV 328.mp3	3	62	Herr Gott, dich loben alle wir, BWV 328.mp3	328	6	11	Herr Gott, dich loben alle wir BWV328	Herr Gott, dich loben alle wir, BWV 328	133	2f4e5c19-a8ac-41a5-9627-a2aea15593f7
03-63 Herr Gott, dich loben wir (Cantata, BWV 119).mp3	3	63	Herr Gott, dich loben wir (Cantata, BWV 119).mp3	119	6	12	Herr Gott, dich loben wir (Cantata BWV119)	Herr Gott, dich loben wir, Cantata BWV 119	134	d4c9e390-b9bf-41bd-91dc-92c605fa1c27
03-64 Herr Gott, dich loben wir (Cantata, BWV 120).mp3	3	64	Herr Gott, dich loben wir (Cantata, BWV 120).mp3	120	6	13	Herr Gott, dich loben wir (Cantata BWV120)	Herr Gott, dich loben wir, Cantata BWV 120	135	0dbe21d7-1fb9-490d-bb5e-15c1018a8274
03-65 Herr, ich denk' an jene Zeit, BWV 329.mp3	3	65	Herr, ich denk' an jene Zeit, BWV 329.mp3	329	6	14	Herr, ich denk. an jene Zeit BWV329	Herr, ich denk' an jene Zeit, BWV 329	136	fe5ca170-13ed-4ed9-9b7c-bfe9f622fdd0
03-66 Herr, ich habe mißgehandelt, BWV 330.mp3	3	66	Herr, ich habe mißgehandelt, BWV 330.mp3	330	6	15	Herr, ich habe mißgehandelt BWV330	Herr, ich habe mißgehandelt, BWV 330	137	199eae1c-7f07-4a56-8eb1-646e94437abb
03-67 Herr Jesu Christ, dich zu uns wend', BWV 332.mp3	3	67	Herr Jesu Christ, dich zu uns wend', BWV 332.mp3	332	6	16	Herr Jesu Christ, dich zu uns wend. BWV332	Herr Jesu Christ, dich zu uns wend', BWV 332	139	8930d926-7be1-412d-8ec2-2bf4dc283463
03-68 Herr Jesu Christ, du hast bereit't, BWV 333.mp3	3	68	Herr Jesu Christ, du hast bereit't, BWV 333.mp3	333	6	17	Herr Jesu Christ, du hast bereit.t BWV333	Herr Jesu Christ, du hast bereit't, BWV 333	140	81d74e38-7b5b-443d-a3d0-228a4d05118d
03-69 Herr Jesu Christ, du höchstes Gut, BWV 334.mp3	3	69	Herr Jesu Christ, du höchstes Gut, BWV 334.mp3	334	6	18	Herr Jesu Christ, du höchstes Gut BWV334	Herr Jesu Christ, du höchstes Gut, BWV 334	141	274c2d22-ebc7-42af-b90c-b0f6eb93ecec
03-70 Herr Jesu Christ, du höchstes Gut (Cantata, BWV 168).mp3	3	70	Herr Jesu Christ, du höchstes Gut (Cantata, BWV 168).mp3	168	6	19	Herr Jesu Christ, du höchstes Gut (Cantata BWV168)	Herr Jesu Christ, du höchstes Gut, Cantata BWV 168	143	fc2f35db-48dc-422d-8878-12d7457f9962
03-71 Herr Jesu Christ, du höchstes Gut (Cantata, BWV 48).mp3	3	71	Herr Jesu Christ, du höchstes Gut (Cantata, BWV 48).mp3	48	6	20	Herr Jesu Christ, du höchstes Gut (Cantata BWV48)	Herr Jesu Christ, du höchstes Gut, Cantata BWV 48	144	bbede569-c519-4d47-a8a5-7b38d9d42bb2
03-72 Herr Jesu Christ, mein's Lebens Licht, BWV 335.mp3	3	72	Herr Jesu Christ, mein's Lebens Licht, BWV 335.mp3	335	6	21	Herr Jesu Christ, mein.s Lebens Licht BWV335	Herr Jesu Christ, mein's Lebens Licht, BWV 335	145	a81f996e-6799-4802-86c9-cf554102e65c
03-73 Herr Jesu Christ, wahr'r Mensch und Gott (Cantata, BWV 127).mp3	3	73	Herr Jesu Christ, wahr'r Mensch und Gott (Cantata, BWV 127).mp3	127	6	22	Herr Jesu Christ, wahr.r Mensch und Gott (Cantata BWV127)	Herr Jesu Christ, wahr'r Mensch und Gott, Cantata BWV 127	147	d834a915-9dec-4f79-884b-0855a62133a9
03-74 Herr, nun laß in Friede, BWV 337.mp3	3	74	Herr, nun laß in Friede, BWV 337.mp3	337	6	23	Herr, nun laß in Friede BWV337	Herr, nun laß in Friede, BWV 337	148	bf365bdd-2e7c-48f0-ab12-c5d3815c8c3d
03-75 Herr, straf' mich nicht in deinem Zorn, BWV 338.mp3	3	75	Herr, straf' mich nicht in deinem Zorn, BWV 338.mp3	338	6	24	Herr, straf . mich nicht in deinem Zorn BWV338	Herr, straf' mich nicht in deinem Zorn, BWV 338	149	77f2f5f8-17f1-4d0d-9f9c-44ae95e6857d
03-76 Herr, wie du willst, so schick's mit mir (Cantata, BWV 156).mp3	3	76	Herr, wie du willst, so schick's mit mir (Cantata, BWV 156).mp3	156	6	25	Herr, wie du willst, so schick.s mit mir (Cantata BWV156)	Herr, wie du willst, so schick's mit mir, Cantata BWV 156	150	4e300690-ba0e-407a-872c-7c209fe975a3
03-77 Herr, wie du willst, so schick's mit mir, BWV 339.mp3	3	77	Herr, wie du willst, so schick's mit mir, BWV 339.mp3	339	6	26	Herr, wie du willst, so schick.s mit mir BWV339	Herr, wie du willst, so schick's mit mir, BWV 339	151	79cfa1f0-eed0-4c5d-9913-17f56fb70095
03-78 Herzlich lieb hab' ich dich, o Herr, BWV 340.mp3	3	78	Herzlich lieb hab' ich dich, o Herr, BWV 340.mp3	340	6	27	Herzlich lieb hab. ich dich, o Herr BWV340	Herzlich lieb hab' ich dich, o Herr, BWV 340	152	f3183ede-0b73-4fe6-b5a0-17972b764740
03-79 Herzlich lieb hab' ich dich, o Herr (Cantata, BWV 174).mp3	3	79	Herzlich lieb hab' ich dich, o Herr (Cantata, BWV 174).mp3	174	6	28	Herzlich lieb hab. ich dich, o Herr (Cantata BWV174)	Herzlich lieb hab' ich dich, o Herr, Cantata BWV 174	153	173b8b0c-15d5-42e5-b396-6a8ea3c13c96
03-80 Herzlich thut mich verlangen (Cantata, BWV 153).mp3	3	80	Herzlich thut mich verlangen (Cantata, BWV 153).mp3	153	6	29	Herzlich thut mich verlangen (Cantata BWV153)	Herzlich thut mich verlangen, Cantata BWV 153	160	1ee335df-5739-48ad-a54d-dc8a2c32ddb4
03-81 Hilf, Gott, daß mir's gelinge, BWV 343.mp3	3	81	Hilf, Gott, daß mir's gelinge, BWV 343.mp3	343	6	30	Hilf, Gott, daß mir.s gelinge BWV343	Hilf, Gott, daß mir's gelinge, BWV 343	172	fd9113db-b146-482f-8755-c26bc40d40af
03-82 Hilf, Herr Jesu, laß gelingen, BWV 344.mp3	3	82	Hilf, Herr Jesu, laß gelingen, BWV 344.mp3	344	6	31	Hilf, Herr Jesu, laß gelingen BWV344	Hilf, Herr Jesu, laß gelingen, BWV 344	173	5957eeb6-1640-4e04-a2ee-f9a842d1c59b
03-83 Ich bin ja, Herr, in deiner Macht, BWV 345.mp3	3	83	Ich bin ja, Herr, in deiner Macht, BWV 345.mp3	345	6	32	Ich bin ja, Herr, in deiner Macht BWV345	Ich bin ja, Herr, in deiner Macht, BWV 345	174	cc01f4f9-3c26-4b98-b474-f5d7dafc2c81
03-84 Ich dank' dir, Gott, für all' Wohlthat, BWV 346.mp3	3	84	Ich dank' dir, Gott, für all' Wohlthat, BWV 346.mp3	346	6	33	Ich dank. dir, Gott, für all. Wohlthat BWV346	Ich dank' dir, Gott, für all' Wohlthat, BWV 346	175	9c06b25b-3bfa-4bd4-a64a-00c3cc588fbc
03-85 Ich dank' dir, lieber Herre, BWV 347.mp3	3	85	Ich dank' dir, lieber Herre, BWV 347.mp3	347	6	34	Ich dank. dir, lieber Herre BWV347	Ich dank' dir, lieber Herre, BWV 347	176	ab148a83-d36c-4c5d-a912-999665837b6a
03-86 Ich dank' dir, lieber Herre, BWV 348.mp3	3	86	Ich dank' dir, lieber Herre, BWV 348.mp3	348	6	35	Ich dank. dir, lieber Herre BWV348	Ich dank' dir, lieber Herre, BWV 348	177	cd424ddd-a821-4a20-83fb-248abf9cf87b
03-87 Ich dank' dir, lieber Herre (Cantata, BWV 37).mp3	3	87	Ich dank' dir, lieber Herre (Cantata, BWV 37).mp3	37	6	36	Ich dank. dir, lieber Herre (Cantata BWV37)	Ich dank' dir, lieber Herre, Cantata BWV 37	178	d33456e0-c43d-458d-99d0-804b0be530b0
03-88 Ich dank' dir schon durch deinen Sohn, BWV 349.mp3	3	88	Ich dank' dir schon durch deinen Sohn, BWV 349.mp3	349	6	37	Ich dank. dir schon durch deinen Sohn BWV349	Ich dank' dir schon durch deinen Sohn, BWV 349	179	c1fb4b8f-21c8-46f6-b2b0-ffd3b2fba107
03-89 Ich danke dir, o Gott, in deinem Throne, BWV 350.mp3	3	89	Ich danke dir, o Gott, in deinem Throne, BWV 350.mp3	350	6	38	Ich danke dir, o Gott, in deinem Throne BWV350	Ich danke dir, o Gott, in deinem Throne, BWV 350	180	ade28b1f-34ba-43b7-803b-b5c2d0c3057c
03-90 Ich hab' mein' Sach' Gott heimgestellt, BWV 351.mp3	3	90	Ich hab' mein' Sach' Gott heimgestellt, BWV 351.mp3	351	6	39	Ich hab. mein. Sach. Gott heimgestellt BWV351	Ich hab' mein' Sach' Gott heimgestellt, BWV 351	182	56b95473-d5e6-4c52-8a3c-4b59874c4eb0
03-91 Ich ruf' zu dir, Herr Jesu Christ (Cantata, BWV 177).mp3	3	91	Ich ruf' zu dir, Herr Jesu Christ (Cantata, BWV 177).mp3	177	6	40	Ich ruf . zu dir, Herr Jesu Christ (Cantata BWV177)	Ich ruf' zu dir, Herr Jesu Christ, Cantata BWV 177	183	499d41fa-77ad-43fa-9a10-eb663d73fc71
03-92 Jesu, der du meine Seele, BWV 352.mp3	3	92	Jesu, der du meine Seele, BWV 352.mp3	352	6	41	Jesu, der du meine Seele BWV352	Jesu, der du meine Seele, BWV 352	185	a4199a49-b358-4e1f-9fa8-c0754cb0970d
03-93 Jesu, der du meine Seele, BWV 353.mp3	3	93	Jesu, der du meine Seele, BWV 353.mp3	353	6	42	Jesu, der du meine Seele BWV353	Jesu, der du meine Seele, BWV 353	186	9d8a11d8-c9ea-4ba8-9022-0c3dfdd96d7c
03-94 Jesu, der du meine Seele, BWV 354.mp3	3	94	Jesu, der du meine Seele, BWV 354.mp3	354	6	43	Jesu, der du meine Seele BWV354	Jesu, der du meine Seele, BWV 354	187	850b9d72-f858-4e6b-8fa0-5862df00a906
03-95 Jesu, der du meine Seele (Cantata, BWV 78).mp3	3	95	Jesu, der du meine Seele (Cantata, BWV 78).mp3	78	6	44	Jesu, der du meine Seele (Cantata BWV78)	Jesu, der du meine Seele, Cantata BWV 78	188	c509cf6d-5cf7-43cb-9681-a32cb22b1425
03-96 Jesu, der du selbst so wohl, BWV 355.mp3	3	96	Jesu, der du selbst so wohl, BWV 355.mp3	355	6	45	Jesu, der du selbst so wohl BWV355	Jesu, der du selbst so wohl, BWV 355	189	6c4437fa-11bc-45d0-8001-b2dea16b99ad
03-97 Jesu, du mein liebstes Leben, BWV 356.mp3	3	97	Jesu, du mein liebstes Leben, BWV 356.mp3	356	6	46	Jesu, du mein liebstes Leben BWV356	Jesu, du mein liebstes Leben, BWV 356	190	b76020f3-3d45-4cef-b445-4d5de31aa55e
03-98 Jesu, Jesu, du bist mein, BWV 357.mp3	3	98	Jesu, Jesu, du bist mein, BWV 357.mp3	357	6	47	Jesu, Jesu, du bist mein BWV357	Jesu, Jesu, du bist mein, BWV 357	191	9f0684d8-6a1d-43e5-a79d-9718bb4b5a58
03-99 Jesu, meine Freude, BWV 358.mp3	3	99	Jesu, meine Freude, BWV 358.mp3	358	6	48	Jesu, meine Freude BWV358	Jesu, meine Freude, BWV 358	195	d68bdd74-31d5-430d-a660-9dc6c484bd80
03-100 Jesu, meine Freude, BWV 227.mp3	3	100	Jesu, meine Freude, BWV 227.mp3	227	6	49	Jesu, meine Freude BWV227	Jesu, meine Freude, BWV 227	196	1b8f7745-d471-4a7f-bc64-b9cf58c639f2
03-101 Jesu, meine Freude (Cantata, BWV 81).mp3	3	101	Jesu, meine Freude (Cantata, BWV 81).mp3	81	6	50	Jesu, meine Freude (Cantata BWV8)	Jesu, meine Freude, Cantata BWV 81	197	8c92113b-aebe-4e9c-982c-665bf6470ce3
