mc	mn	quarterbeats	quarterbeats_all_endings	duration_qb	mc_onset	mn_onset	event	timesig	staff	voice	duration	nominal_duration	scalar	chord_id	lyrics_1	dynamics	tempo	qpm	metronome_base	metronome_number	tempo_visible	slur	decrescendo_hairpin	crescendo_hairpin
1	0	0	0	0.0	0	3/4	Tempo	4/4	1	1	0						ùÖü=66	66.0	ùÖü	66.0	0.0			
1	0	0	0	0.0	0	3/4	Dynamic	4/4	1	1	0					f								
1	0	0	0	1.0	0	3/4	Chord	4/4	1	1	1/4	1/4	1	0	Christ									
1	0	0	0	1.0	0	3/4	Chord	4/4	1	2	1/4	1/4	1	1										
1	0	0	0	0.0	0	3/4	Dynamic	4/4	2	1	0					f								
1	0	0	0	0.5	0	3/4	Chord	4/4	2	1	1/8	1/8	1	2										
1	0	1/2	1/2	0.5	1/8	7/8	Chord	4/4	2	1	1/8	1/8	1	3										
1	0	0	0	1.0	0	3/4	Chord	4/4	2	2	1/4	1/4	1	4										
2	1	1	1	1.0	0	0	Chord	4/4	1	1	1/4	1/4	1	5	ist									
2	1	2	2	0.0	1/4	1/4	Tempo	4/4	1	1	0						ùÖü=64	64.0	ùÖü	64.0	0.0			
2	1	2	2	0.5	1/4	1/4	Chord	4/4	1	1	1/8	1/8	1	6	er-									
2	1	5/2	5/2	0.5	3/8	3/8	Chord	4/4	1	1	1/8	1/8	1	7	-stan-									
2	1	3	3	0.0	1/2	1/2	Tempo	4/4	1	1	0						ùÖü=64	64.0	ùÖü	64.0	0.0			
2	1	3	3	1.0	1/2	1/2	Chord	4/4	1	1	1/4	1/4	1	8								0		
2	1	4	4	0.0	3/4	3/4	Tempo	4/4	1	1	0						ùÖü=63	63.0	ùÖü	63.0	0.0			
2	1	4	4	1.0	3/4	3/4	Chord	4/4	1	1	1/4	1/4	1	9										
2	1	9/2	9/2	0.0	7/8	7/8	Tempo	4/4	1	1	0						ùÖü=59	59.0	ùÖü	59.0	0.0			
2	1	1	1	0.5	0	0	Chord	4/4	1	2	1/8	1/8	1	10										
2	1	3/2	3/2	0.5	1/8	1/8	Chord	4/4	1	2	1/8	1/8	1	11										
2	1	2	2	0.5	1/4	1/4	Chord	4/4	1	2	1/8	1/8	1	12										
2	1	5/2	5/2	0.5	3/8	3/8	Chord	4/4	1	2	1/8	1/8	1	13										
2	1	3	3	1.5	1/2	1/2	Chord	4/4	1	2	3/8	1/4	3/2	14								1		
2	1	9/2	9/2	0.5	7/8	7/8	Chord	4/4	1	2	1/8	1/8	1	15								1		
2	1	1	1	1.0	0	0	Chord	4/4	2	1	1/4	1/4	1	16										
2	1	2	2	0.5	1/4	1/4	Chord	4/4	2	1	1/8	1/8	1	17										
2	1	5/2	5/2	0.5	3/8	3/8	Chord	4/4	2	1	1/8	1/8	1	18										
2	1	3	3	0.5	1/2	1/2	Chord	4/4	2	1	1/8	1/8	1	19								2		
2	1	7/2	7/2	0.25	5/8	5/8	Chord	4/4	2	1	1/16	1/16	1	20								2		
2	1	15/4	15/4	0.25	11/16	11/16	Chord	4/4	2	1	1/16	1/16	1	21								2		
2	1	4	4	1.0	3/4	3/4	Chord	4/4	2	1	1/4	1/4	1	22										
2	1	1	1	0.75	0	0	Chord	4/4	2	2	3/16	1/8	3/2	23										
2	1	7/4	7/4	0.25	3/16	3/16	Chord	4/4	2	2	1/16	1/16	1	24										
2	1	2	2	0.5	1/4	1/4	Chord	4/4	2	2	1/8	1/8	1	25										
2	1	5/2	5/2	0.5	3/8	3/8	Chord	4/4	2	2	1/8	1/8	1	26										
2	1	3	3	1.0	1/2	1/2	Chord	4/4	2	2	1/4	1/4	1	27								3		
2	1	4	4	0.75	3/4	3/4	Chord	4/4	2	2	3/16	1/8	3/2	28								3		
2	1	19/4	19/4	0.25	15/16	15/16	Chord	4/4	2	2	1/16	1/16	1	29										
3	2	5	5	0.0	0	0	Tempo	4/4	1	1	0						ùÖü=53	53.0	ùÖü	53.0	0.0			
3	2	5	5	2.0	0	0	Chord	4/4	1	1	1/2	1/2	1	30	-den									
3	2	6	6	0.0	1/4	1/4	Tempo	4/4	1	1	0						ùÖü=56	56.0	ùÖü	56.0	0.0			
3	2	7	7	0.0	1/2	1/2	Tempo	4/4	1	1	0						ùÖü=62.7	63.0	ùÖü	62.7	0.0			
3	2	7	7	1.0	1/2	1/2	Chord	4/4	1	1	1/4	1/4	1	31	von									
3	2	8	8	0.0	3/4	3/4	Tempo	4/4	1	1	0						ùÖü=61	61.0	ùÖü	61.0	0.0			
3	2	8	8	0.5	3/4	3/4	Chord	4/4	1	1	1/8	1/8	1	32	der									
3	2	17/2	17/2	0.0	7/8	7/8	Tempo	4/4	1	1	0						ùÖü=63	63.0	ùÖü	63.0	0.0			
3	2	17/2	17/2	0.5	7/8	7/8	Chord	4/4	1	1	1/8	1/8	1	33										
3	2	5	5	0.5	0	0	Chord	4/4	1	2	1/8	1/8	1	34								1		
3	2	11/2	11/2	0.25	1/8	1/8	Chord	4/4	1	2	1/16	1/16	1	35								1		
3	2	23/4	23/4	0.25	3/16	3/16	Chord	4/4	1	2	1/16	1/16	1	36										
3	2	6	6	1.0	1/4	1/4	Chord	4/4	1	2	1/4	1/4	1	37										
3	2	7	7	1.0	1/2	1/2	Chord	4/4	1	2	1/4	1/4	1	38										
3	2	8	8	1.0	3/4	3/4	Chord	4/4	1	2	1/4	1/4	1	39										
3	2	5	5	2.0	0	0	Chord	4/4	2	1	1/2	1/2	1	40										
3	2	7	7	1.0	1/2	1/2	Chord	4/4	2	1	1/4	1/4	1	41										
3	2	8	8	1.0	3/4	3/4	Chord	4/4	2	1	1/4	1/4	1	42										
3	2	5	5	2.0	0	0	Chord	4/4	2	2	1/2	1/2	1	43										
3	2	7	7	1.0	1/2	1/2	Chord	4/4	2	2	1/4	1/4	1	44										
3	2	8	8	0.5	3/4	3/4	Chord	4/4	2	2	1/8	1/8	1	45										
3	2	17/2	17/2	0.5	7/8	7/8	Chord	4/4	2	2	1/8	1/8	1	46										
4	3	9	9	0.5	0	0	Chord	4/4	1	1	1/8	1/8	1	47	Mar-									
4	3	19/2	19/2	0.5	1/8	1/8	Chord	4/4	1	1	1/8	1/8	1	48										
4	3	10	10	0.0	1/4	1/4	Tempo	4/4	1	1	0						ùÖü=63	63.0	ùÖü	63.0	0.0			
4	3	10	10	1.0	1/4	1/4	Chord	4/4	1	1	1/4	1/4	1	49	-ter									
4	3	11	11	0.0	1/2	1/2	Tempo	4/4	1	1	0						ùÖü=62	62.0	ùÖü	62.0	0.0			
4	3	11	11	0.5	1/2	1/2	Chord	4/4	1	1	1/8	1/8	1	50	al-							4		
4	3	23/2	23/2	0.5	5/8	5/8	Chord	4/4	1	1	1/8	1/8	1	51								4		
4	3	12	12	0.0	3/4	3/4	Tempo	4/4	1	1	0						ùÖü=61	61.0	ùÖü	61.0	0.0			
4	3	12	12	1.0	3/4	3/4	Chord	4/4	1	1	1/4	1/4	1	52										
4	3	25/2	25/2	0.0	7/8	7/8	Tempo	4/4	1	1	0						ùÖü=59	59.0	ùÖü	59.0	0.0			
4	3	51/4	51/4	0.0	15/16	15/16	Tempo	4/4	1	1	0						ùÖü=58	58.0	ùÖü	58.0	0.0			
4	3	9	9	0.5	0	0	Chord	4/4	1	2	1/8	1/8	1	53										
4	3	19/2	19/2	0.5	1/8	1/8	Chord	4/4	1	2	1/8	1/8	1	54										
4	3	10	10	1.0	1/4	1/4	Chord	4/4	1	2	1/4	1/4	1	55										
4	3	11	11	0.5	1/2	1/2	Chord	4/4	1	2	1/8	1/8	1	56								5		
4	3	23/2	23/2	1.0	5/8	5/8	Chord	4/4	1	2	1/4	1/4	1	57								5		
4	3	25/2	25/2	0.5	7/8	7/8	Chord	4/4	1	2	1/8	1/8	1	58										
4	3	9	9	1.0	0	0	Chord	4/4	2	1	1/4	1/4	1	59										
4	3	10	10	1.0	1/4	1/4	Chord	4/4	2	1	1/4	1/4	1	60										
4	3	11	11	0.5	1/2	1/2	Chord	4/4	2	1	1/8	1/8	1	61								6		
4	3	23/2	23/2	0.5	5/8	5/8	Chord	4/4	2	1	1/8	1/8	1	62								6		
4	3	12	12	0.5	3/4	3/4	Chord	4/4	2	1	1/8	1/8	1	63								6		
4	3	25/2	25/2	0.25	7/8	7/8	Chord	4/4	2	1	1/16	1/16	1	64								6		
4	3	51/4	51/4	0.25	15/16	15/16	Chord	4/4	2	1	1/16	1/16	1	65										
4	3	9	9	1.5	0	0	Chord	4/4	2	2	3/8	1/4	3/2	66										
4	3	21/2	21/2	0.5	3/8	3/8	Chord	4/4	2	2	1/8	1/8	1	67										
4	3	11	11	0.5	1/2	1/2	Chord	4/4	2	2	1/8	1/8	1	68								7		
4	3	23/2	23/2	0.5	5/8	5/8	Chord	4/4	2	2	1/8	1/8	1	69								7		
4	3	12	12	1.0	3/4	3/4	Chord	4/4	2	2	1/4	1/4	1	70										
5	4	13	13	0.0	0	0	Tempo	4/4	1	1	0						ùÖü=65	65.0	ùÖü	65.0	0.0			
5	4	13	13	2.0	0	0	Chord	4/4	1	1	1/2	1/2	1	71	-le:									
5	4	16	16	0.0	3/4	3/4	Tempo	4/4	1	1	0						ùÖü=66	66.0	ùÖü	66.0	0.0			
5	4	16	16	1.0	3/4	3/4	Chord	4/4	1	1	1/4	1/4	1	72	des									
5	4	13	13	2.0	0	0	Chord	4/4	1	2	1/2	1/2	1	73										
5	4	16	16	1.0	3/4	3/4	Chord	4/4	1	2	1/4	1/4	1	74										
5	4	13	13	2.0	0	0	Chord	4/4	2	1	1/2	1/2	1	75										
5	4	16	16	1.0	3/4	3/4	Chord	4/4	2	1	1/4	1/4	1	76										
5	4	13	13	2.0	0	0	Chord	4/4	2	2	1/2	1/2	1	77										
5	4	16	16	1.0	3/4	3/4	Chord	4/4	2	2	1/4	1/4	1	78										
6	5	17	17	0.0	0	0	Tempo	4/4	1	1	0						ùÖü=67	67.0	ùÖü	67.0	0.0			
6	5	17	17	1.0	0	0	Chord	4/4	1	1	1/4	1/4	1	79	soll'n									
6	5	35/2	35/2	0.0	1/8	1/8	Tempo	4/4	1	1	0						ùÖü=65	65.0	ùÖü	65.0	0.0			
6	5	18	18	0.0	1/4	1/4	Tempo	4/4	1	1	0						ùÖü=66	66.0	ùÖü	66.0	0.0			
6	5	18	18	1.0	1/4	1/4	Chord	4/4	1	1	1/4	1/4	1	80	wir									
6	5	37/2	37/2	0.0	3/8	3/8	Tempo	4/4	1	1	0						ùÖü=65	65.0	ùÖü	65.0	0.0			
6	5	19	19	0.0	1/2	1/2	Tempo	4/4	1	1	0						ùÖü=66	66.0	ùÖü	66.0	0.0			
6	5	19	19	1.0	1/2	1/2	Chord	4/4	1	1	1/4	1/4	1	81	al-									
6	5	20	20	0.0	3/4	3/4	Tempo	4/4	1	1	0						ùÖü=64	64.0	ùÖü	64.0	0.0			
6	5	20	20	1.0	3/4	3/4	Chord	4/4	1	1	1/4	1/4	1	82	-le									
6	5	41/2	41/2	0.0	7/8	7/8	Tempo	4/4	1	1	0						ùÖü=63	63.0	ùÖü	63.0	0.0			
6	5	17	17	0.5	0	0	Chord	4/4	1	2	1/8	1/8	1	83								8		
6	5	35/2	35/2	0.25	1/8	1/8	Chord	4/4	1	2	1/16	1/16	1	84								8		
6	5	71/4	71/4	0.25	3/16	3/16	Chord	4/4	1	2	1/16	1/16	1	85										
6	5	18	18	1.0	1/4	1/4	Chord	4/4	1	2	1/4	1/4	1	86										
6	5	19	19	0.5	1/2	1/2	Chord	4/4	1	2	1/8	1/8	1	87								9		
6	5	39/2	39/2	1.0	5/8	5/8	Chord	4/4	1	2	1/4	1/4	1	88										
6	5	41/2	41/2	0.25	7/8	7/8	Chord	4/4	1	2	1/16	1/16	1	89										
6	5	83/4	83/4	0.25	15/16	15/16	Chord	4/4	1	2	1/16	1/16	1	90										
6	5	17	17	0.5	0	0	Chord	4/4	2	1	1/8	1/8	1	91										
6	5	35/2	35/2	0.5	1/8	1/8	Chord	4/4	2	1	1/8	1/8	1	92										
6	5	18	18	1.0	1/4	1/4	Chord	4/4	2	1	1/4	1/4	1	93										
6	5	19	19	0.25	1/2	1/2	Chord	4/4	2	1	1/16	1/16	1	94								10		
6	5	77/4	77/4	0.25	9/16	9/16	Chord	4/4	2	1	1/16	1/16	1	95								10		
6	5	39/2	39/2	1.0	5/8	5/8	Chord	4/4	2	1	1/4	1/4	1	96										
6	5	41/2	41/2	0.25	7/8	7/8	Chord	4/4	2	1	1/16	1/16	1	97										
6	5	83/4	83/4	0.25	15/16	15/16	Chord	4/4	2	1	1/16	1/16	1	98										
6	5	17	17	1.5	0	0	Chord	4/4	2	2	3/8	1/4	3/2	99										
6	5	37/2	37/2	0.5	3/8	3/8	Chord	4/4	2	2	1/8	1/8	1	100										
6	5	19	19	0.5	1/2	1/2	Chord	4/4	2	2	1/8	1/8	1	101										
6	5	39/2	39/2	0.5	5/8	5/8	Chord	4/4	2	2	1/8	1/8	1	102										
6	5	20	20	1.0	3/4	3/4	Chord	4/4	2	2	1/4	1/4	1	103										
7	6	21	21	0.0	0	0	Tempo	4/4	1	1	0						ùÖü=64	64.0	ùÖü	64.0	0.0			
7	6	21	21	1.0	0	0	Chord	4/4	1	1	1/4	1/4	1	104	froh							11		
7	6	22	22	0.0	1/4	1/4	Tempo	4/4	1	1	0						ùÖü=63	63.0	ùÖü	63.0	0.0			
7	6	22	22	1.0	1/4	1/4	Chord	4/4	1	1	1/4	1/4	1	105										
7	6	23	23	0.0	1/2	1/2	Tempo	4/4	1	1	0						ùÖü=60	60.0	ùÖü	60.0	0.0			
7	6	23	23	1.0	1/2	1/2	Chord	4/4	1	1	1/4	1/4	1	106	sein;									
7	6	24	24	0.0	3/4	3/4	Tempo	4/4	1	1	0						ùÖü=63	63.0	ùÖü	63.0	0.0			
7	6	24	24	0.5	3/4	3/4	Chord	4/4	1	1	1/8	1/8	1	107	Chri-									
7	6	49/2	49/2	0.5	7/8	7/8	Chord	4/4	1	1	1/8	1/8	1	108										
7	6	21	21	0.5	0	0	Chord	4/4	1	2	1/8	1/8	1	109								12		
7	6	43/2	43/2	0.5	1/8	1/8	Chord	4/4	1	2	1/8	1/8	1	110								12		
7	6	22	22	1.0	1/4	1/4	Chord	4/4	1	2	1/4	1/4	1	111										
7	6	23	23	1.0	1/2	1/2	Chord	4/4	1	2	1/4	1/4	1	112										
7	6	24	24	1.0	3/4	3/4	Chord	4/4	1	2	1/4	1/4	1	113										
7	6	21	21	0.5	0	0	Chord	4/4	2	1	1/8	1/8	1	114								13		
7	6	43/2	43/2	0.5	1/8	1/8	Chord	4/4	2	1	1/8	1/8	1	115								13		
7	6	22	22	1.0	1/4	1/4	Chord	4/4	2	1	1/4	1/4	1	116										
7	6	23	23	1.0	1/2	1/2	Chord	4/4	2	1	1/4	1/4	1	117										
7	6	24	24	1.0	3/4	3/4	Chord	4/4	2	1	1/4	1/4	1	118										
7	6	21	21	0.5	0	0	Chord	4/4	2	2	1/8	1/8	1	119								14		
7	6	43/2	43/2	0.5	1/8	1/8	Chord	4/4	2	2	1/8	1/8	1	120								14		
7	6	22	22	0.5	1/4	1/4	Chord	4/4	2	2	1/8	1/8	1	121								14		
7	6	45/2	45/2	0.5	3/8	3/8	Chord	4/4	2	2	1/8	1/8	1	122										
7	6	23	23	1.0	1/2	1/2	Chord	4/4	2	2	1/4	1/4	1	123										
7	6	24	24	1.0	3/4	3/4	Chord	4/4	2	2	1/4	1/4	1	124										
8	7	25	25	1.0	0	0	Chord	4/4	1	1	1/4	1/4	1	125	-stus									
8	7	26	26	1.0	1/4	1/4	Chord	4/4	1	1	1/4	1/4	1	126	will									
8	7	27	27	0.5	1/2	1/2	Chord	4/4	1	1	1/8	1/8	1	127	un-									
8	7	55/2	55/2	0.5	5/8	5/8	Chord	4/4	1	1	1/8	1/8	1	128										
8	7	28	28	1.0	3/4	3/4	Chord	4/4	1	1	1/4	1/4	1	129	-ser									
8	7	25	25	0.5	0	0	Chord	4/4	1	2	1/8	1/8	1	130								15		
8	7	51/2	51/2	1.0	1/8	1/8	Chord	4/4	1	2	1/4	1/4	1	131										
8	7	53/2	53/2	0.5	3/8	3/8	Chord	4/4	1	2	1/8	1/8	1	132										
8	7	27	27	1.5	1/2	1/2	Chord	4/4	1	2	3/8	1/4	3/2	133										
8	7	57/2	57/2	0.5	7/8	7/8	Chord	4/4	1	2	1/8	1/8	1	134										
8	7	25	25	1.0	0	0	Chord	4/4	2	1	1/4	1/4	1	135										
8	7	26	26	0.5	1/4	1/4	Chord	4/4	2	1	1/8	1/8	1	136										
8	7	53/2	53/2	0.5	3/8	3/8	Chord	4/4	2	1	1/8	1/8	1	137										
8	7	27	27	1.0	1/2	1/2	Chord	4/4	2	1	1/4	1/4	1	138										
8	7	28	28	0.25	3/4	3/4	Chord	4/4	2	1	1/16	1/16	1	139										
8	7	113/4	113/4	0.25	13/16	13/16	Chord	4/4	2	1	1/16	1/16	1	140										
8	7	57/2	57/2	0.5	7/8	7/8	Chord	4/4	2	1	1/8	1/8	1	141										
8	7	25	25	1.0	0	0	Chord	4/4	2	2	1/4	1/4	1	142										
8	7	26	26	1.0	1/4	1/4	Chord	4/4	2	2	1/4	1/4	1	143										
8	7	27	27	0.5	1/2	1/2	Chord	4/4	2	2	1/8	1/8	1	144										
8	7	55/2	55/2	0.5	5/8	5/8	Chord	4/4	2	2	1/8	1/8	1	145										
8	7	28	28	1.0	3/4	3/4	Chord	4/4	2	2	1/4	1/4	1	146										
9	8	29	29	1.0	0	0	Chord	4/4	1	1	1/4	1/4	1	147	Trost							16		
9	8	30	30	0.0	1/4	1/4	Tempo	4/4	1	1	0						ùÖü=59	59.0	ùÖü	59.0	0.0			
9	8	30	30	1.0	1/4	1/4	Chord	4/4	1	1	1/4	1/4	1	148										
9	8	31	31	2.0	1/2	1/2	Chord	4/4	1	1	1/2	1/2	1	149	sein.									
9	8	29	29	0.5	0	0	Chord	4/4	1	2	1/8	1/8	1	150								17		
9	8	59/2	59/2	1.0	1/8	1/8	Chord	4/4	1	2	1/4	1/4	1	151								17		
9	8	61/2	61/2	0.5	3/8	3/8	Chord	4/4	1	2	1/8	1/8	1	152										
9	8	31	31	2.0	1/2	1/2	Chord	4/4	1	2	1/2	1/2	1	153										
9	8	29	29	0.25	0	0	Chord	4/4	2	1	1/16	1/16	1	154								18		
9	8	117/4	117/4	0.25	1/16	1/16	Chord	4/4	2	1	1/16	1/16	1	155								18		
9	8	59/2	59/2	0.5	1/8	1/8	Chord	4/4	2	1	1/8	1/8	1	156								18		
9	8	30	30	0.25	1/4	1/4	Chord	4/4	2	1	1/16	1/16	1	157								18		
9	8	121/4	121/4	0.25	5/16	5/16	Chord	4/4	2	1	1/16	1/16	1	158								18		
9	8	61/2	61/2	0.5	3/8	3/8	Chord	4/4	2	1	1/8	1/8	1	159										
9	8	31	31	2.0	1/2	1/2	Chord	4/4	2	1	1/2	1/2	1	160										
9	8	29	29	0.5	0	0	Chord	4/4	2	2	1/8	1/8	1	161								19		
9	8	59/2	59/2	0.5	1/8	1/8	Chord	4/4	2	2	1/8	1/8	1	162								19		
9	8	30	30	1.0	1/4	1/4	Chord	4/4	2	2	1/4	1/4	1	163										
9	8	31	31	2.0	1/2	1/2	Chord	4/4	2	2	1/2	1/2	1	164										
10	9	33	33	0.0	0	0	Tempo	4/4	1	1	0						ùÖü=62	62.0	ùÖü	62.0	0.0			
10	9	33	33	0.0	0	0	Dynamic	4/4	1	1	0					mf								
10	9	33	33	1.0	0	0	Chord	4/4	1	1	1/4	1/4	1	165	Ky-									
10	9	34	34	0.0	1/4	1/4	Tempo	4/4	1	1	0						ùÖü=59	59.0	ùÖü	59.0	0.0			
10	9	34	34	1.0	1/4	1/4	Chord	4/4	1	1	1/4	1/4	1	166	-ri-									
10	9	35	35	0.0	1/2	1/2	Tempo	4/4	1	1	0						ùÖü=56	56.0	ùÖü	56.0	0.0			
10	9	35	35	2.0	1/2	1/2	Chord	4/4	1	1	1/2	1/2	1	167	-e-									
10	9	36	36	0.0	3/4	3/4	Tempo	4/4	1	1	0						ùÖü=53	53.0	ùÖü	53.0	0.0			
10	9	73/2	73/2	0.0	7/8	7/8	Tempo	4/4	1	1	0						ùÖü=52	52.0	ùÖü	52.0	0.0			
10	9	33	33	1.0	0	0	Chord	4/4	1	2	1/4	1/4	1	168										
10	9	34	34	1.0	1/4	1/4	Chord	4/4	1	2	1/4	1/4	1	169								20		
10	9	35	35	1.0	1/2	1/2	Chord	4/4	1	2	1/4	1/4	1	170								20		
10	9	36	36	1.0	3/4	3/4	Chord	4/4	1	2	1/4	1/4	1	171								20		
10	9	33	33	0.0	0	0	Dynamic	4/4	2	1	0					mf								
10	9	33	33	0.5	0	0	Chord	4/4	2	1	1/8	1/8	1	172										
10	9	67/2	67/2	0.5	1/8	1/8	Chord	4/4	2	1	1/8	1/8	1	173										
10	9	34	34	0.5	1/4	1/4	Chord	4/4	2	1	1/8	1/8	1	174										
10	9	69/2	69/2	0.5	3/8	3/8	Chord	4/4	2	1	1/8	1/8	1	175										
10	9	35	35	0.5	1/2	1/2	Chord	4/4	2	1	1/8	1/8	1	176								21		
10	9	71/2	71/2	0.5	5/8	5/8	Chord	4/4	2	1	1/8	1/8	1	177								21		
10	9	36	36	1.0	3/4	3/4	Chord	4/4	2	1	1/4	1/4	1	178								21		
10	9	33	33	0.5	0	0	Chord	4/4	2	2	1/8	1/8	1	179										
10	9	67/2	67/2	0.5	1/8	1/8	Chord	4/4	2	2	1/8	1/8	1	180										
10	9	34	34	0.5	1/4	1/4	Chord	4/4	2	2	1/8	1/8	1	181										
10	9	69/2	69/2	0.5	3/8	3/8	Chord	4/4	2	2	1/8	1/8	1	182										
10	9	35	35	0.5	1/2	1/2	Chord	4/4	2	2	1/8	1/8	1	183								22		
10	9	71/2	71/2	0.5	5/8	5/8	Chord	4/4	2	2	1/8	1/8	1	184								22		
10	9	36	36	0.5	3/4	3/4	Chord	4/4	2	2	1/8	1/8	1	185								22		
10	9	73/2	73/2	0.5	7/8	7/8	Chord	4/4	2	2	1/8	1/8	1	186										
11	10	37	37	4.0	0	0	Chord	4/4	1	1	1	1	1	187	-leis.									
11	10	38	38	0.0	1/4	1/4	Tempo	4/4	1	1	0						ùÖü=51	51.0	ùÖü	51.0	0.0			
11	10	77/2	77/2	0.0	3/8	3/8	Tempo	4/4	1	1	0						ùÖü=49	49.0	ùÖü	49.0	0.0			
11	10	39	39	0.0	1/2	1/2	Tempo	4/4	1	1	0						ùÖü=48	48.0	ùÖü	48.0	0.0			
11	10	37	37	1.0	0	0	Chord	4/4	1	2	1/4	1/4	1	188								20		
11	10	38	38	0.5	1/4	1/4	Chord	4/4	1	2	1/8	1/8	1	189								20		
11	10	77/2	77/2	0.5	3/8	3/8	Chord	4/4	1	2	1/8	1/8	1	190										
11	10	39	39	2.0	1/2	1/2	Chord	4/4	1	2	1/2	1/2	1	191										
11	10	37	37	1.0	0	0	Chord	4/4	2	1	1/4	1/4	1	192								21		
11	10	38	38	0.5	1/4	1/4	Chord	4/4	2	1	1/8	1/8	1	193								21		
11	10	77/2	77/2	0.5	3/8	3/8	Chord	4/4	2	1	1/8	1/8	1	194										
11	10	39	39	2.0	1/2	1/2	Chord	4/4	2	1	1/2	1/2	1	195										
11	10	37	37	2.0	0	0	Chord	4/4	2	2	1/2	1/2	1	196								23		
11	10	39	39	2.0	1/2	1/2	Chord	4/4	2	2	1/2	1/2	1	197										
12	11	41	41	0.0	0	0	Tempo	4/4	1	1	0						ùÖü=65	65.0	ùÖü	65.0	0.0			
12	11	41	41	0.0	0	0	Dynamic	4/4	1	1	0					f								
12	11	41	41	1.0	0	0	Chord	4/4	1	1	1/4	1/4	1	198	W√§r'									
12	11	42	42	0.0	1/4	1/4	Tempo	4/4	1	1	0						ùÖü=63	63.0	ùÖü	63.0	0.0			
12	11	42	42	1.0	1/4	1/4	Chord	4/4	1	1	1/4	1/4	1	199	er									
12	11	43	43	0.0	1/2	1/2	Tempo	4/4	1	1	0						ùÖü=63	63.0	ùÖü	63.0	0.0			
12	11	43	43	1.0	1/2	1/2	Chord	4/4	1	1	1/4	1/4	1	200	nicht									
12	11	44	44	0.5	3/4	3/4	Chord	4/4	1	1	1/8	1/8	1	201	er-									
12	11	89/2	89/2	0.5	7/8	7/8	Chord	4/4	1	1	1/8	1/8	1	202										
12	11	41	41	1.0	0	0	Chord	4/4	1	2	1/4	1/4	1	203										
12	11	42	42	0.5	1/4	1/4	Chord	4/4	1	2	1/8	1/8	1	204										
12	11	85/2	85/2	0.5	3/8	3/8	Chord	4/4	1	2	1/8	1/8	1	205										
12	11	43	43	0.5	1/2	1/2	Chord	4/4	1	2	1/8	1/8	1	206										
12	11	87/2	87/2	0.5	5/8	5/8	Chord	4/4	1	2	1/8	1/8	1	207										
12	11	44	44	0.5	3/4	3/4	Chord	4/4	1	2	1/8	1/8	1	208										
12	11	89/2	89/2	0.5	7/8	7/8	Chord	4/4	1	2	1/8	1/8	1	209										
12	11	41	41	0.0	0	0	Dynamic	4/4	2	1	0					f								
12	11	41	41	1.0	0	0	Chord	4/4	2	1	1/4	1/4	1	210										
12	11	42	42	0.5	1/4	1/4	Chord	4/4	2	1	1/8	1/8	1	211										
12	11	85/2	85/2	0.5	3/8	3/8	Chord	4/4	2	1	1/8	1/8	1	212										
12	11	43	43	1.0	1/2	1/2	Chord	4/4	2	1	1/4	1/4	1	213										
12	11	44	44	1.0	3/4	3/4	Chord	4/4	2	1	1/4	1/4	1	214										
12	11	41	41	0.5	0	0	Chord	4/4	2	2	1/8	1/8	1	215										
12	11	83/2	83/2	0.5	1/8	1/8	Chord	4/4	2	2	1/8	1/8	1	216										
12	11	42	42	1.0	1/4	1/4	Chord	4/4	2	2	1/4	1/4	1	217										
12	11	43	43	0.5	1/2	1/2	Chord	4/4	2	2	1/8	1/8	1	218										
12	11	87/2	87/2	0.5	5/8	5/8	Chord	4/4	2	2	1/8	1/8	1	219										
12	11	44	44	0.5	3/4	3/4	Chord	4/4	2	2	1/8	1/8	1	220										
12	11	89/2	89/2	0.5	7/8	7/8	Chord	4/4	2	2	1/8	1/8	1	221										
13	12	45	45	0.0	0	0	Tempo	4/4	1	1	0						ùÖü=63	63.0	ùÖü	63.0	0.0			
13	12	45	45	1.0	0	0	Chord	4/4	1	1	1/4	1/4	1	222	-stan-							24		
13	12	46	46	0.0	1/4	1/4	Tempo	4/4	1	1	0						ùÖü=59	59.0	ùÖü	59.0	0.0			
13	12	46	46	1.0	1/4	1/4	Chord	4/4	1	1	1/4	1/4	1	223										
13	12	47	47	1.0	1/2	1/2	Chord	4/4	1	1	1/4	1/4	1	224	-den,									
13	12	48	48	0.0	3/4	3/4	Tempo	4/4	1	1	0						ùÖü=63	63.0	ùÖü	63.0	0.0			
13	12	48	48	1.0	3/4	3/4	Chord	4/4	1	1	1/4	1/4	1	225	so									
13	12	45	45	2.0	0	0	Chord	4/4	1	2	1/2	1/2	1	226										
13	12	47	47	1.0	1/2	1/2	Chord	4/4	1	2	1/4	1/4	1	227										
13	12	48	48	1.0	3/4	3/4	Chord	4/4	1	2	1/4	1/4	1	228										
13	12	45	45	1.5	0	0	Chord	4/4	2	1	3/8	1/4	3/2	229								25		
13	12	93/2	93/2	0.5	3/8	3/8	Chord	4/4	2	1	1/8	1/8	1	230										
13	12	47	47	1.0	1/2	1/2	Chord	4/4	2	1	1/4	1/4	1	231										
13	12	48	48	0.5	3/4	3/4	Chord	4/4	2	1	1/8	1/8	1	232										
13	12	97/2	97/2	0.5	7/8	7/8	Chord	4/4	2	1	1/8	1/8	1	233										
13	12	45	45	0.5	0	0	Chord	4/4	2	2	1/8	1/8	1	234								26		
13	12	91/2	91/2	0.5	1/8	1/8	Chord	4/4	2	2	1/8	1/8	1	235								26		
13	12	46	46	1.0	1/4	1/4	Chord	4/4	2	2	1/4	1/4	1	236										
13	12	47	47	1.0	1/2	1/2	Chord	4/4	2	2	1/4	1/4	1	237										
13	12	48	48	1.0	3/4	3/4	Chord	4/4	2	2	1/4	1/4	1	238										
14	13	49	49	0.75	0	0	Chord	4/4	1	1	3/16	1/8	3/2	239	w√§r'									
14	13	199/4	199/4	0.25	3/16	3/16	Chord	4/4	1	1	1/16	1/16	1	240										
14	13	50	50	0.5	1/4	1/4	Chord	4/4	1	1	1/8	1/8	1	241	die									
14	13	101/2	101/2	0.5	3/8	3/8	Chord	4/4	1	1	1/8	1/8	1	242										
14	13	51	51	0.5	1/2	1/2	Chord	4/4	1	1	1/8	1/8	1	243	Welt									
14	13	103/2	103/2	0.5	5/8	5/8	Chord	4/4	1	1	1/8	1/8	1	244										
14	13	52	52	1.0	3/4	3/4	Chord	4/4	1	1	1/4	1/4	1	245	ver-									
14	13	49	49	1.0	0	0	Chord	4/4	1	2	1/4	1/4	1	246										
14	13	50	50	0.5	1/4	1/4	Chord	4/4	1	2	1/8	1/8	1	247										
14	13	101/2	101/2	0.5	3/8	3/8	Chord	4/4	1	2	1/8	1/8	1	248										
14	13	51	51	0.5	1/2	1/2	Chord	4/4	1	2	1/8	1/8	1	249										
14	13	103/2	103/2	0.5	5/8	5/8	Chord	4/4	1	2	1/8	1/8	1	250										
14	13	52	52	1.0	3/4	3/4	Chord	4/4	1	2	1/4	1/4	1	251										
14	13	49	49	0.5	0	0	Chord	4/4	2	1	1/8	1/8	1	252								27		
14	13	99/2	99/2	1.0	1/8	1/8	Chord	4/4	2	1	1/4	1/4	1	253										
14	13	101/2	101/2	0.5	3/8	3/8	Chord	4/4	2	1	1/8	1/8	1	254										
14	13	51	51	0.5	1/2	1/2	Chord	4/4	2	1	1/8	1/8	1	255										
14	13	103/2	103/2	0.5	5/8	5/8	Chord	4/4	2	1	1/8	1/8	1	256										
14	13	52	52	1.0	3/4	3/4	Chord	4/4	2	1	1/4	1/4	1	257										
14	13	49	49	1.0	0	0	Chord	4/4	2	2	1/4	1/4	1	258										
14	13	50	50	1.0	1/4	1/4	Chord	4/4	2	2	1/4	1/4	1	259										
14	13	51	51	0.5	1/2	1/2	Chord	4/4	2	2	1/8	1/8	1	260										
14	13	103/2	103/2	0.5	5/8	5/8	Chord	4/4	2	2	1/8	1/8	1	261										
14	13	52	52	0.5	3/4	3/4	Chord	4/4	2	2	1/8	1/8	1	262										
14	13	105/2	105/2	0.5	7/8	7/8	Chord	4/4	2	2	1/8	1/8	1	263										
15	14	53	53	0.5	0	0	Chord	4/4	1	1	1/8	1/8	1	264	-gan-							28		
15	14	107/2	107/2	0.5	1/8	1/8	Chord	4/4	1	1	1/8	1/8	1	265								28		
15	14	54	54	0.0	1/4	1/4	Tempo	4/4	1	1	0						ùÖü=56	56.0	ùÖü	56.0	0.0			
15	14	54	54	1.0	1/4	1/4	Chord	4/4	1	1	1/4	1/4	1	266										
15	14	109/2	109/2	0.0	3/8	3/8	Tempo	4/4	1	1	0						ùÖü=55	55.0	ùÖü	55.0	0.0			
15	14	55	55	1.0	1/2	1/2	Chord	4/4	1	1	1/4	1/4	1	267	-gen:									
15	14	56	56	0.0	3/4	3/4	Tempo	4/4	1	1	0						ùÖü=65	65.0	ùÖü	65.0	0.0			
15	14	56	56	0.0	3/4	3/4	Dynamic	4/4	1	1	0					ff								
15	14	56	56	1.0	3/4	3/4	Chord	4/4	1	1	1/4	1/4	1	268	seit									
15	14	53	53	1.0	0	0	Chord	4/4	1	2	1/4	1/4	1	269								29		
15	14	54	54	1.0	1/4	1/4	Chord	4/4	1	2	1/4	1/4	1	270										
15	14	55	55	1.0	1/2	1/2	Chord	4/4	1	2	1/4	1/4	1	271										
15	14	56	56	1.0	3/4	3/4	Chord	4/4	1	2	1/4	1/4	1	272										
15	14	53	53	1.5	0	0	Chord	4/4	2	1	3/8	1/4	3/2	273								30		
15	14	109/2	109/2	0.5	3/8	3/8	Chord	4/4	2	1	1/8	1/8	1	274										
15	14	55	55	1.0	1/2	1/2	Chord	4/4	2	1	1/4	1/4	1	275										
15	14	56	56	0.0	3/4	3/4	Dynamic	4/4	2	1	0					ff								
15	14	56	56	1.0	3/4	3/4	Chord	4/4	2	1	1/4	1/4	1	276										
15	14	53	53	1.0	0	0	Chord	4/4	2	2	1/4	1/4	1	277								31		
15	14	54	54	1.0	1/4	1/4	Chord	4/4	2	2	1/4	1/4	1	278										
15	14	55	55	1.0	1/2	1/2	Chord	4/4	2	2	1/4	1/4	1	279										
15	14	56	56	1.0	3/4	3/4	Chord	4/4	2	2	1/4	1/4	1	280										
16	15	57	57	1.0	0	0	Chord	4/4	1	1	1/4	1/4	1	281	dass									
16	15	58	58	1.0	1/4	1/4	Chord	4/4	1	1	1/4	1/4	1	282	er									
16	15	117/2	117/2	0.0	3/8	3/8	Tempo	4/4	1	1	0						ùÖü=62	62.0	ùÖü	62.0	0.0			
16	15	59	59	1.0	1/2	1/2	Chord	4/4	1	1	1/4	1/4	1	283	nun									
16	15	60	60	1.0	3/4	3/4	Chord	4/4	1	1	1/4	1/4	1	284	er-									
16	15	57	57	0.5	0	0	Chord	4/4	1	2	1/8	1/8	1	285										
16	15	115/2	115/2	0.5	1/8	1/8	Chord	4/4	1	2	1/8	1/8	1	286										
16	15	58	58	1.0	1/4	1/4	Chord	4/4	1	2	1/4	1/4	1	287										
16	15	59	59	0.5	1/2	1/2	Chord	4/4	1	2	1/8	1/8	1	288								32		
16	15	119/2	119/2	1.0	5/8	5/8	Chord	4/4	1	2	1/4	1/4	1	289										
16	15	121/2	121/2	0.25	7/8	7/8	Chord	4/4	1	2	1/16	1/16	1	290										
16	15	243/4	243/4	0.25	15/16	15/16	Chord	4/4	1	2	1/16	1/16	1	291										
16	15	57	57	0.5	0	0	Chord	4/4	2	1	1/8	1/8	1	292										
16	15	115/2	115/2	0.5	1/8	1/8	Chord	4/4	2	1	1/8	1/8	1	293										
16	15	58	58	1.0	1/4	1/4	Chord	4/4	2	1	1/4	1/4	1	294										
16	15	59	59	0.75	1/2	1/2	Chord	4/4	2	1	3/16	1/8	3/2	295										
16	15	239/4	239/4	0.25	11/16	11/16	Chord	4/4	2	1	1/16	1/16	1	296										
16	15	60	60	1.0	3/4	3/4	Chord	4/4	2	1	1/4	1/4	1	297										
16	15	57	57	0.5	0	0	Chord	4/4	2	2	1/8	1/8	1	298										
16	15	115/2	115/2	0.5	1/8	1/8	Chord	4/4	2	2	1/8	1/8	1	299										
16	15	58	58	0.5	1/4	1/4	Chord	4/4	2	2	1/8	1/8	1	300										
16	15	117/2	117/2	0.5	3/8	3/8	Chord	4/4	2	2	1/8	1/8	1	301										
16	15	59	59	1.0	1/2	1/2	Chord	4/4	2	2	1/4	1/4	1	302										
16	15	60	60	1.0	3/4	3/4	Chord	4/4	2	2	1/4	1/4	1	303										
17	16	61	61	1.0	0	0	Chord	4/4	1	1	1/4	1/4	1	304	-stan-									
17	16	62	62	1.0	1/4	1/4	Chord	4/4	1	1	1/4	1/4	1	305	-den									
17	16	63	63	1.0	1/2	1/2	Chord	4/4	1	1	1/4	1/4	1	306	ist,									
17	16	64	64	0.0	3/4	3/4	Tempo	4/4	1	1	0						ùÖü=62	62.0	ùÖü	62.0	0.0			
17	16	64	64	0.0	3/4	3/4	Dynamic	4/4	1	1	0					ff								
17	16	64	64	1.0	3/4	3/4	Chord	4/4	1	1	1/4	1/4	1	307	so									
17	16	61	61	1.0	0	0	Chord	4/4	1	2	1/4	1/4	1	308										
17	16	62	62	1.0	1/4	1/4	Chord	4/4	1	2	1/4	1/4	1	309										
17	16	63	63	1.0	1/2	1/2	Chord	4/4	1	2	1/4	1/4	1	310										
17	16	64	64	0.5	3/4	3/4	Chord	4/4	1	2	1/8	1/8	1	311										
17	16	129/2	129/2	0.5	7/8	7/8	Chord	4/4	1	2	1/8	1/8	1	312										
17	16	61	61	1.0	0	0	Chord	4/4	2	1	1/4	1/4	1	313										
17	16	62	62	1.0	1/4	1/4	Chord	4/4	2	1	1/4	1/4	1	314										
17	16	63	63	1.0	1/2	1/2	Chord	4/4	2	1	1/4	1/4	1	315										
17	16	64	64	0.0	3/4	3/4	Dynamic	4/4	2	1	0					ff								
17	16	64	64	0.5	3/4	3/4	Chord	4/4	2	1	1/8	1/8	1	316										
17	16	129/2	129/2	0.5	7/8	7/8	Chord	4/4	2	1	1/8	1/8	1	317										
17	16	61	61	0.5	0	0	Chord	4/4	2	2	1/8	1/8	1	318										
17	16	123/2	123/2	0.5	1/8	1/8	Chord	4/4	2	2	1/8	1/8	1	319										
17	16	62	62	0.5	1/4	1/4	Chord	4/4	2	2	1/8	1/8	1	320										
17	16	125/2	125/2	0.5	3/8	3/8	Chord	4/4	2	2	1/8	1/8	1	321										
17	16	63	63	1.0	1/2	1/2	Chord	4/4	2	2	1/4	1/4	1	322										
17	16	64	64	0.5	3/4	3/4	Chord	4/4	2	2	1/8	1/8	1	323										
17	16	129/2	129/2	0.5	7/8	7/8	Chord	4/4	2	2	1/8	1/8	1	324										
18	17	65	65	0.0	0	0	Tempo	4/4	1	1	0						ùÖü=63	63.0	ùÖü	63.0	0.0			
18	17	65	65	0.5	0	0	Chord	4/4	1	1	1/8	1/8	1	325	lo-									
18	17	131/2	131/2	0.5	1/8	1/8	Chord	4/4	1	1	1/8	1/8	1	326										
18	17	66	66	0.75	1/4	1/4	Chord	4/4	1	1	3/16	1/8	3/2	327	-ben									
18	17	267/4	267/4	0.25	7/16	7/16	Chord	4/4	1	1	1/16	1/16	1	328										
18	17	67	67	1.0	1/2	1/2	Chord	4/4	1	1	1/4	1/4	1	329	wir									
18	17	68	68	1.0	3/4	3/4	Chord	4/4	1	1	1/4	1/4	1	330	den									
18	17	65	65	1.0	0	0	Chord	4/4	1	2	1/4	1/4	1	331										
18	17	66	66	1.0	1/4	1/4	Chord	4/4	1	2	1/4	1/4	1	332										
18	17	67	67	1.0	1/2	1/2	Chord	4/4	1	2	1/4	1/4	1	333										
18	17	68	68	1.0	3/4	3/4	Chord	4/4	1	2	1/4	1/4	1	334										
18	17	65	65	0.5	0	0	Chord	4/4	2	1	1/8	1/8	1	335										
18	17	131/2	131/2	0.5	1/8	1/8	Chord	4/4	2	1	1/8	1/8	1	336										
18	17	66	66	0.5	1/4	1/4	Chord	4/4	2	1	1/8	1/8	1	337										
18	17	133/2	133/2	0.5	3/8	3/8	Chord	4/4	2	1	1/8	1/8	1	338										
18	17	67	67	0.5	1/2	1/2	Chord	4/4	2	1	1/8	1/8	1	339										
18	17	135/2	135/2	0.5	5/8	5/8	Chord	4/4	2	1	1/8	1/8	1	340										
18	17	68	68	1.0	3/4	3/4	Chord	4/4	2	1	1/4	1/4	1	341										
18	17	65	65	2.0	0	0	Chord	4/4	2	2	1/2	1/2	1	342										
18	17	67	67	0.5	1/2	1/2	Chord	4/4	2	2	1/8	1/8	1	343										
18	17	135/2	135/2	0.5	5/8	5/8	Chord	4/4	2	2	1/8	1/8	1	344										
18	17	68	68	0.5	3/4	3/4	Chord	4/4	2	2	1/8	1/8	1	345										
18	17	137/2	137/2	0.5	7/8	7/8	Chord	4/4	2	2	1/8	1/8	1	346										
19	18	69	69	0.0	0	0	Tempo	4/4	1	1	0						ùÖü=59.15	59.0	ùÖü	59.15	0.0			
19	18	69	69	1.0	0	0	Chord	4/4	1	1	1/4	1/4	1	347	Her-									
19	18	70	70	0.0	1/4	1/4	Tempo	4/4	1	1	0						ùÖü=54.5	54.0	ùÖü	54.5	0.0			
19	18	70	70	1.0	1/4	1/4	Chord	4/4	1	1	1/4	1/4	1	348	-ren									
19	18	71	71	2.0	1/2	1/2	Chord	4/4	1	1	1/2	1/2	1	349	Christ,									
19	18	69	69	0.5	0	0	Chord	4/4	1	2	1/8	1/8	1	350								33		
19	18	139/2	139/2	1.0	1/8	1/8	Chord	4/4	1	2	1/4	1/4	1	351										
19	18	141/2	141/2	0.5	3/8	3/8	Chord	4/4	1	2	1/8	1/8	1	352										
19	18	71	71	2.0	1/2	1/2	Chord	4/4	1	2	1/2	1/2	1	353										
19	18	69	69	0.5	0	0	Chord	4/4	2	1	1/8	1/8	1	354										
19	18	139/2	139/2	0.5	1/8	1/8	Chord	4/4	2	1	1/8	1/8	1	355										
19	18	70	70	1.0	1/4	1/4	Chord	4/4	2	1	1/4	1/4	1	356										
19	18	71	71	2.0	1/2	1/2	Chord	4/4	2	1	1/2	1/2	1	357										
19	18	69	69	0.5	0	0	Chord	4/4	2	2	1/8	1/8	1	358										
19	18	139/2	139/2	0.5	1/8	1/8	Chord	4/4	2	2	1/8	1/8	1	359										
19	18	70	70	1.0	1/4	1/4	Chord	4/4	2	2	1/4	1/4	1	360										
19	18	71	71	2.0	1/2	1/2	Chord	4/4	2	2	1/2	1/2	1	361										
20	19	73	73	0.0	0	0	Tempo	4/4	1	1	0						ùÖü=53.6	54.0	ùÖü	53.6	0.0			
20	19	73	73	0.0	0	0	Dynamic	4/4	1	1	0					mp								
20	19	73	73	1.0	0	0	Chord	4/4	1	1	1/4	1/4	1	362	Ky-									
20	19	74	74	0.0	1/4	1/4	Tempo	4/4	1	1	0						ùÖü=53	53.0	ùÖü	53.0	0.0			
20	19	74	74	1.0	1/4	1/4	Chord	4/4	1	1	1/4	1/4	1	363	-rie									
20	19	75	75	0.0	1/2	1/2	Tempo	4/4	1	1	0						ùÖü=52	52.0	ùÖü	52.0	0.0			
20	19	75	75	2.0	1/2	1/2	Chord	4/4	1	1	1/2	1/2	1	364	e-									
20	19	151/2	151/2	0.0	5/8	5/8	Tempo	4/4	1	1	0						ùÖü=50	50.0	ùÖü	50.0	0.0			
20	19	73	73	0.5	0	0	Chord	4/4	1	2	1/8	1/8	1	365										
20	19	147/2	147/2	0.5	1/8	1/8	Chord	4/4	1	2	1/8	1/8	1	366										
20	19	74	74	1.0	1/4	1/4	Chord	4/4	1	2	1/4	1/4	1	367										
20	19	75	75	1.5	1/2	1/2	Chord	4/4	1	2	3/8	1/4	3/2	368								34		
20	19	153/2	153/2	0.5	7/8	7/8	Chord	4/4	1	2	1/8	1/8	1	369										
20	19	73	73	0.0	0	0	Dynamic	4/4	2	1	0					mp								
20	19	73	73	0.5	0	0	Chord	4/4	2	1	1/8	1/8	1	370								35		
20	19	147/2	147/2	1.0	1/8	1/8	Chord	4/4	2	1	1/4	1/4	1	371										
20	19	149/2	149/2	0.5	3/8	3/8	Chord	4/4	2	1	1/8	1/8	1	372										
20	19	75	75	0.5	1/2	1/2	Chord	4/4	2	1	1/8	1/8	1	373								36		
20	19	151/2	151/2	0.5	5/8	5/8	Chord	4/4	2	1	1/8	1/8	1	374								36		
20	19	76	76	1.0	3/4	3/4	Chord	4/4	2	1	1/4	1/4	1	375								36		
20	19	73	73	0.5	0	0	Chord	4/4	2	2	1/8	1/8	1	376										
20	19	147/2	147/2	0.5	1/8	1/8	Chord	4/4	2	2	1/8	1/8	1	377										
20	19	74	74	1.5	1/4	1/4	Chord	4/4	2	2	3/8	1/4	3/2	378										
20	19	151/2	151/2	0.25	5/8	5/8	Chord	4/4	2	2	1/16	1/16	1	379								37		
20	19	303/4	303/4	0.25	11/16	11/16	Chord	4/4	2	2	1/16	1/16	1	380								37		
20	19	76	76	0.5	3/4	3/4	Chord	4/4	2	2	1/8	1/8	1	381								37		
20	19	153/2	153/2	0.5	7/8	7/8	Chord	4/4	2	2	1/8	1/8	1	382										
21	20	77	77	0.0	0	0	Tempo	4/4	1	1	0						ùÖü=50.5	51.0	ùÖü	50.5	0.0			
21	20	77	77	4.0	0	0	Chord	4/4	1	1	1	1	1	383	-leis!									
21	20	78	78	0.0	1/4	1/4	Tempo	4/4	1	1	0						ùÖü=45.6	46.0	ùÖü	45.6	0.0			
21	20	77	77	4.0	0	0	Chord	4/4	1	2	1	1	1	384										
21	20	77	77	1.0	0	0	Chord	4/4	2	1	1/4	1/4	1	385								36		
21	20	78	78	0.5	1/4	1/4	Chord	4/4	2	1	1/8	1/8	1	386								36		
21	20	157/2	157/2	0.5	3/8	3/8	Chord	4/4	2	1	1/8	1/8	1	387										
21	20	79	79	2.0	1/2	1/2	Chord	4/4	2	1	1/2	1/2	1	388										
21	20	77	77	2.0	0	0	Chord	4/4	2	2	1/2	1/2	1	389								38		
21	20	79	79	2.0	1/2	1/2	Chord	4/4	2	2	1/2	1/2	1	390										
22	20	81	81	0.0	0	0	Tempo	4/4	1	1	0						ùÖü=59	59.0	ùÖü	59.0	0.0			
22	20	81	81	0.0	0	0	Dynamic	4/4	1	1	0					mf								
22	20	81	81	1.0	0	0	Chord	4/4	1	1	1/4	1/4	1	391	Al-									
22	20	81	81	1.0	0	0	Chord	4/4	1	2	1/4	1/4	1	392										
22	20	81	81	1.0	0	0	Chord	4/4	2	1	1/4	1/4	1	393										
22	20	81	81	0.0	0	0	Dynamic	4/4	2	2	0					mf								
22	20	81	81	1.0	0	0	Chord	4/4	2	2	1/4	1/4	1	394										
23	21	82	82	0.0	0	0	Spanner	4/4	1	1	0													0
23	21	82	82	1.0	0	0	Chord	4/4	1	1	1/4	1/4	1	395	-le-									0
23	21	83	83	0.0	1/4	1/4	Tempo	4/4	1	1	0						ùÖü=59	59.0	ùÖü	59.0	0.0			0
23	21	83	83	1.0	1/4	1/4	Chord	4/4	1	1	1/4	1/4	1	396	-lu-									0
23	21	84	84	0.0	1/2	1/2	Tempo	4/4	1	1	0						ùÖü=60	60.0	ùÖü	60.0	0.0			0
23	21	84	84	1.0	1/2	1/2	Chord	4/4	1	1	1/4	1/4	1	397	-ja,									0
23	21	85	85	0.0	3/4	3/4	Dynamic	4/4	1	1	0					f								
23	21	85	85	0.0	3/4	3/4	Tempo	4/4	1	1	0						ùÖü=58	58.0	ùÖü	58.0	0.0			
23	21	85	85	0.0	3/4	3/4	Spanner	4/4	1	1	0													
23	21	85	85	0.5	3/4	3/4	Chord	4/4	1	1	1/8	1/8	1	398	al-									
23	21	171/2	171/2	0.0	7/8	7/8	Tempo	4/4	1	1	0						ùÖü=56	56.0	ùÖü	56.0	0.0			
23	21	171/2	171/2	0.5	7/8	7/8	Chord	4/4	1	1	1/8	1/8	1	399										
23	21	82	82	1.0	0	0	Chord	4/4	1	2	1/4	1/4	1	400										
23	21	83	83	1.0	1/4	1/4	Chord	4/4	1	2	1/4	1/4	1	401										
23	21	84	84	1.0	1/2	1/2	Chord	4/4	1	2	1/4	1/4	1	402										
23	21	85	85	0.5	3/4	3/4	Chord	4/4	1	2	1/8	1/8	1	403										
23	21	171/2	171/2	0.5	7/8	7/8	Chord	4/4	1	2	1/8	1/8	1	404										
23	21	82	82	0.0	0	0	Spanner	4/4	2	1	0													1
23	21	82	82	0.5	0	0	Chord	4/4	2	1	1/8	1/8	1	405										1
23	21	165/2	165/2	0.5	1/8	1/8	Chord	4/4	2	1	1/8	1/8	1	406										1
23	21	83	83	0.5	1/4	1/4	Chord	4/4	2	1	1/8	1/8	1	407										1
23	21	167/2	167/2	0.5	3/8	3/8	Chord	4/4	2	1	1/8	1/8	1	408										1
23	21	84	84	1.0	1/2	1/2	Chord	4/4	2	1	1/4	1/4	1	409										1
23	21	85	85	0.0	3/4	3/4	Dynamic	4/4	2	1	0					f								
23	21	85	85	0.0	3/4	3/4	Spanner	4/4	2	1	0													
23	21	85	85	1.0	3/4	3/4	Chord	4/4	2	1	1/4	1/4	1	410										
23	21	82	82	1.0	0	0	Chord	4/4	2	2	1/4	1/4	1	411										
23	21	83	83	1.0	1/4	1/4	Chord	4/4	2	2	1/4	1/4	1	412										
23	21	84	84	1.0	1/2	1/2	Chord	4/4	2	2	1/4	1/4	1	413										
23	21	85	85	0.5	3/4	3/4	Chord	4/4	2	2	1/8	1/8	1	414										
23	21	171/2	171/2	0.5	7/8	7/8	Chord	4/4	2	2	1/8	1/8	1	415										
24	22	86	86	0.0	0	0	Tempo	4/4	1	1	0						ùÖü=61	61.0	ùÖü	61.0	0.0			
24	22	86	86	1.0	0	0	Chord	4/4	1	1	1/4	1/4	1	416	-le-									
24	22	87	87	0.0	1/4	1/4	Tempo	4/4	1	1	0						ùÖü=53	53.0	ùÖü	53.0	0.0			
24	22	87	87	1.0	1/4	1/4	Chord	4/4	1	1	1/4	1/4	1	417	-lu-									
24	22	88	88	1.0	1/2	1/2	Chord	4/4	1	1	1/4	1/4	1	418	-ja,									
24	22	89	89	0.0	3/4	3/4	Tempo	4/4	1	1	0						ùÖü=62	62.0	ùÖü	62.0	0.0			
24	22	89	89	0.5	3/4	3/4	Chord	4/4	1	1	1/8	1/8	1	419	al-									
24	22	179/2	179/2	0.0	7/8	7/8	Tempo	4/4	1	1	0						ùÖü=59	59.0	ùÖü	59.0	0.0			
24	22	179/2	179/2	0.5	7/8	7/8	Chord	4/4	1	1	1/8	1/8	1	420										
24	22	86	86	0.5	0	0	Chord	4/4	1	2	1/8	1/8	1	421								39		
24	22	173/2	173/2	1.0	1/8	1/8	Chord	4/4	1	2	1/4	1/4	1	422										
24	22	175/2	175/2	0.5	3/8	3/8	Chord	4/4	1	2	1/8	1/8	1	423										
24	22	88	88	1.0	1/2	1/2	Chord	4/4	1	2	1/4	1/4	1	424										
24	22	89	89	1.0	3/4	3/4	Chord	4/4	1	2	1/4	1/4	1	425										
24	22	86	86	1.5	0	0	Chord	4/4	2	1	3/8	1/4	3/2	426										
24	22	175/2	175/2	0.5	3/8	3/8	Chord	4/4	2	1	1/8	1/8	1	427										
24	22	88	88	1.0	1/2	1/2	Chord	4/4	2	1	1/4	1/4	1	428										
24	22	89	89	1.0	3/4	3/4	Chord	4/4	2	1	1/4	1/4	1	429										
24	22	86	86	1.0	0	0	Chord	4/4	2	2	1/4	1/4	1	430										
24	22	87	87	1.0	1/4	1/4	Chord	4/4	2	2	1/4	1/4	1	431										
24	22	88	88	1.0	1/2	1/2	Chord	4/4	2	2	1/4	1/4	1	432										
24	22	89	89	1.0	3/4	3/4	Chord	4/4	2	2	1/4	1/4	1	433										
25	23	90	90	0.0	0	0	Tempo	4/4	1	1	0						ùÖü=60	60.0	ùÖü	60.0	0.0			
25	23	90	90	1.0	0	0	Chord	4/4	1	1	1/4	1/4	1	434	-le-									
25	23	91	91	0.0	1/4	1/4	Tempo	4/4	1	1	0						ùÖü=56	56.0	ùÖü	56.0	0.0			
25	23	91	91	1.0	1/4	1/4	Chord	4/4	1	1	1/4	1/4	1	435	-lu-									
25	23	92	92	0.0	1/2	1/2	Tempo	4/4	1	1	0						ùÖü=57.6	58.0	ùÖü	57.6	0.0			
25	23	92	92	1.0	1/2	1/2	Chord	4/4	1	1	1/4	1/4	1	436	-ja!									
25	23	93	93	0.0	3/4	3/4	Tempo	4/4	1	1	0						ùÖü=60	60.0	ùÖü	60.0	0.0			
25	23	93	93	0.0	3/4	3/4	Dynamic	4/4	1	1	0					ff								
25	23	93	93	1.0	3/4	3/4	Chord	4/4	1	1	1/4	1/4	1	437	Dess									
25	23	90	90	0.5	0	0	Chord	4/4	1	2	1/8	1/8	1	438								40		
25	23	181/2	181/2	1.0	1/8	1/8	Chord	4/4	1	2	1/4	1/4	1	439										
25	23	183/2	183/2	0.5	3/8	3/8	Chord	4/4	1	2	1/8	1/8	1	440										
25	23	92	92	0.5	1/2	1/2	Chord	4/4	1	2	1/8	1/8	1	441								41		
25	23	185/2	185/2	0.5	5/8	5/8	Chord	4/4	1	2	1/8	1/8	1	442										
25	23	93	93	1.0	3/4	3/4	Chord	4/4	1	2	1/4	1/4	1	443										
25	23	90	90	1.0	0	0	Chord	4/4	2	1	1/4	1/4	1	444										
25	23	91	91	0.5	1/4	1/4	Chord	4/4	2	1	1/8	1/8	1	445										
25	23	183/2	183/2	0.5	3/8	3/8	Chord	4/4	2	1	1/8	1/8	1	446										
25	23	92	92	1.0	1/2	1/2	Chord	4/4	2	1	1/4	1/4	1	447										
25	23	93	93	0.0	3/4	3/4	Dynamic	4/4	2	1	0					ff								
25	23	93	93	0.5	3/4	3/4	Chord	4/4	2	1	1/8	1/8	1	448										
25	23	187/2	187/2	0.5	7/8	7/8	Chord	4/4	2	1	1/8	1/8	1	449										
25	23	90	90	0.5	0	0	Chord	4/4	2	2	1/8	1/8	1	450										
25	23	181/2	181/2	0.5	1/8	1/8	Chord	4/4	2	2	1/8	1/8	1	451										
25	23	91	91	0.5	1/4	1/4	Chord	4/4	2	2	1/8	1/8	1	452										
25	23	183/2	183/2	0.5	3/8	3/8	Chord	4/4	2	2	1/8	1/8	1	453										
25	23	92	92	1.0	1/2	1/2	Chord	4/4	2	2	1/4	1/4	1	454										
25	23	93	93	1.0	3/4	3/4	Chord	4/4	2	2	1/4	1/4	1	455										
26	24	94	94	0.0	0	0	Tempo	4/4	1	1	0						ùÖü=62	62.0	ùÖü	62.0	0.0			
26	24	94	94	1.0	0	0	Chord	4/4	1	1	1/4	1/4	1	456	soll'n									
26	24	95	95	1.0	1/4	1/4	Chord	4/4	1	1	1/4	1/4	1	457	wir									
26	24	96	96	0.0	1/2	1/2	Tempo	4/4	1	1	0						ùÖü=61	61.0	ùÖü	61.0	0.0			
26	24	96	96	1.0	1/2	1/2	Chord	4/4	1	1	1/4	1/4	1	458	al-									
26	24	97	97	0.0	3/4	3/4	Tempo	4/4	1	1	0						ùÖü=60	60.0	ùÖü	60.0	0.0			
26	24	97	97	1.0	3/4	3/4	Chord	4/4	1	1	1/4	1/4	1	459	-le									
26	24	195/2	195/2	0.0	7/8	7/8	Tempo	4/4	1	1	0						ùÖü=58	58.0	ùÖü	58.0	0.0			
26	24	94	94	1.0	0	0	Chord	4/4	1	2	1/4	1/4	1	460										
26	24	95	95	0.5	1/4	1/4	Chord	4/4	1	2	1/8	1/8	1	461										
26	24	191/2	191/2	0.5	3/8	3/8	Chord	4/4	1	2	1/8	1/8	1	462										
26	24	96	96	0.5	1/2	1/2	Chord	4/4	1	2	1/8	1/8	1	463										
26	24	193/2	193/2	0.5	5/8	5/8	Chord	4/4	1	2	1/8	1/8	1	464										
26	24	97	97	0.5	3/4	3/4	Chord	4/4	1	2	1/8	1/8	1	465										
26	24	195/2	195/2	0.5	7/8	7/8	Chord	4/4	1	2	1/8	1/8	1	466										
26	24	94	94	0.25	0	0	Chord	4/4	2	1	1/16	1/16	1	467								42		
26	24	377/4	377/4	0.25	1/16	1/16	Chord	4/4	2	1	1/16	1/16	1	468								42		
26	24	189/2	189/2	1.0	1/8	1/8	Chord	4/4	2	1	1/4	1/4	1	469										
26	24	191/2	191/2	0.5	3/8	3/8	Chord	4/4	2	1	1/8	1/8	1	470										
26	24	96	96	0.5	1/2	1/2	Chord	4/4	2	1	1/8	1/8	1	471										
26	24	193/2	193/2	0.5	5/8	5/8	Chord	4/4	2	1	1/8	1/8	1	472										
26	24	97	97	0.5	3/4	3/4	Chord	4/4	2	1	1/8	1/8	1	473										
26	24	195/2	195/2	0.5	7/8	7/8	Chord	4/4	2	1	1/8	1/8	1	474										
26	24	94	94	1.0	0	0	Chord	4/4	2	2	1/4	1/4	1	475										
26	24	95	95	1.0	1/4	1/4	Chord	4/4	2	2	1/4	1/4	1	476										
26	24	96	96	0.5	1/2	1/2	Chord	4/4	2	2	1/8	1/8	1	477										
26	24	193/2	193/2	0.5	5/8	5/8	Chord	4/4	2	2	1/8	1/8	1	478										
26	24	97	97	1.0	3/4	3/4	Chord	4/4	2	2	1/4	1/4	1	479										
27	25	98	98	0.0	0	0	Tempo	4/4	1	1	0						ùÖü=56	56.0	ùÖü	56.0	0.0			
27	25	98	98	1.0	0	0	Chord	4/4	1	1	1/4	1/4	1	480	froh							43		
27	25	197/2	197/2	0.0	1/8	1/8	Tempo	4/4	1	1	0						ùÖü=57	57.0	ùÖü	57.0	0.0	43		
27	25	99	99	0.0	1/4	1/4	Tempo	4/4	1	1	0						ùÖü=56	56.0	ùÖü	56.0	0.0			
27	25	99	99	1.0	1/4	1/4	Chord	4/4	1	1	1/4	1/4	1	481										
27	25	199/2	199/2	0.0	3/8	3/8	Tempo	4/4	1	1	0						ùÖü=55	55.0	ùÖü	55.0	0.0			
27	25	100	100	1.0	1/2	1/2	Chord	4/4	1	1	1/4	1/4	1	482	sein;									
27	25	101	101	0.0	3/4	3/4	Dynamic	4/4	1	1	0					ff								
27	25	101	101	0.0	3/4	3/4	Tempo	4/4	1	1	0						ùÖü=56	56.0	ùÖü	56.0	0.0			
27	25	101	101	0.5	3/4	3/4	Chord	4/4	1	1	1/8	1/8	1	483	Chri-									
27	25	203/2	203/2	0.0	7/8	7/8	Tempo	4/4	1	1	0						ùÖü=55.3	55.0	ùÖü	55.3	0.0			
27	25	203/2	203/2	0.5	7/8	7/8	Chord	4/4	1	1	1/8	1/8	1	484										
27	25	98	98	0.25	0	0	Chord	4/4	1	2	1/16	1/16	1	485								44		
27	25	393/4	393/4	0.25	1/16	1/16	Chord	4/4	1	2	1/16	1/16	1	486								44		
27	25	197/2	197/2	0.5	1/8	1/8	Chord	4/4	1	2	1/8	1/8	1	487								44		
27	25	99	99	0.5	1/4	1/4	Chord	4/4	1	2	1/8	1/8	1	488								44		
27	25	199/2	199/2	0.5	3/8	3/8	Chord	4/4	1	2	1/8	1/8	1	489										
27	25	100	100	1.0	1/2	1/2	Chord	4/4	1	2	1/4	1/4	1	490										
27	25	101	101	0.5	3/4	3/4	Chord	4/4	1	2	1/8	1/8	1	491										
27	25	203/2	203/2	0.5	7/8	7/8	Chord	4/4	1	2	1/8	1/8	1	492										
27	25	98	98	0.25	0	0	Chord	4/4	2	1	1/16	1/16	1	493								45		
27	25	393/4	393/4	0.25	1/16	1/16	Chord	4/4	2	1	1/16	1/16	1	494								45		
27	25	197/2	197/2	1.0	1/8	1/8	Chord	4/4	2	1	1/4	1/4	1	495								45		
27	25	199/2	199/2	0.5	3/8	3/8	Chord	4/4	2	1	1/8	1/8	1	496										
27	25	100	100	1.0	1/2	1/2	Chord	4/4	2	1	1/4	1/4	1	497										
27	25	101	101	0.0	3/4	3/4	Dynamic	4/4	2	1	0					ff								
27	25	101	101	1.0	3/4	3/4	Chord	4/4	2	1	1/4	1/4	1	498										
27	25	98	98	0.5	0	0	Chord	4/4	2	2	1/8	1/8	1	499								46		
27	25	197/2	197/2	0.5	1/8	1/8	Chord	4/4	2	2	1/8	1/8	1	500								46		
27	25	99	99	0.5	1/4	1/4	Chord	4/4	2	2	1/8	1/8	1	501								46		
27	25	199/2	199/2	0.5	3/8	3/8	Chord	4/4	2	2	1/8	1/8	1	502										
27	25	100	100	1.0	1/2	1/2	Chord	4/4	2	2	1/4	1/4	1	503										
27	25	101	101	1.0	3/4	3/4	Chord	4/4	2	2	1/4	1/4	1	504										
28	26	102	102	0.0	0	0	Tempo	4/4	1	1	0						ùÖü=57	57.0	ùÖü	57.0	0.0			
28	26	102	102	0.0	0	0	Spanner	4/4	1	1	0												0	
28	26	102	102	1.0	0	0	Chord	4/4	1	1	1/4	1/4	1	505	-stus								0	
28	26	205/2	205/2	0.0	1/8	1/8	Tempo	4/4	1	1	0						ùÖü=56	56.0	ùÖü	56.0	0.0		0	
28	26	103	103	1.0	1/4	1/4	Chord	4/4	1	1	1/4	1/4	1	506	will								0	
28	26	104	104	1.0	1/2	1/2	Chord	4/4	1	1	1/4	1/4	1	507	un-								0	
28	26	105	105	1.0	3/4	3/4	Chord	4/4	1	1	1/4	1/4	1	508	-ser								0	
28	26	211/2	211/2	0.0	7/8	7/8	Tempo	4/4	1	1	0						ùÖü=55	55.0	ùÖü	55.0	0.0		0	
28	26	102	102	1.0	0	0	Chord	4/4	1	2	1/4	1/4	1	509									0	
28	26	103	103	0.5	1/4	1/4	Chord	4/4	1	2	1/8	1/8	1	510								47	0	
28	26	207/2	207/2	0.25	3/8	3/8	Chord	4/4	1	2	1/16	1/16	1	511								47	0	
28	26	415/4	415/4	0.25	7/16	7/16	Chord	4/4	1	2	1/16	1/16	1	512									0	
28	26	104	104	1.0	1/2	1/2	Chord	4/4	1	2	1/4	1/4	1	513									0	
28	26	105	105	0.5	3/4	3/4	Chord	4/4	1	2	1/8	1/8	1	514								48	0	
28	26	211/2	211/2	0.25	7/8	7/8	Chord	4/4	1	2	1/16	1/16	1	515								48	0	
28	26	423/4	423/4	0.25	15/16	15/16	Chord	4/4	1	2	1/16	1/16	1	516									0	
28	26	102	102	0.0	0	0	Spanner	4/4	2	1	0												1	
28	26	102	102	0.5	0	0	Chord	4/4	2	1	1/8	1/8	1	517								49	1	
28	26	205/2	205/2	0.25	1/8	1/8	Chord	4/4	2	1	1/16	1/16	1	518								49	1	
28	26	411/4	411/4	0.25	3/16	3/16	Chord	4/4	2	1	1/16	1/16	1	519									1	
28	26	103	103	1.0	1/4	1/4	Chord	4/4	2	1	1/4	1/4	1	520									1	
28	26	104	104	0.5	1/2	1/2	Chord	4/4	2	1	1/8	1/8	1	521								50	1	
28	26	209/2	209/2	0.25	5/8	5/8	Chord	4/4	2	1	1/16	1/16	1	522								50	1	
28	26	419/4	419/4	0.25	11/16	11/16	Chord	4/4	2	1	1/16	1/16	1	523									1	
28	26	105	105	0.5	3/4	3/4	Chord	4/4	2	1	1/8	1/8	1	524								51	1	
28	26	211/2	211/2	0.25	7/8	7/8	Chord	4/4	2	1	1/16	1/16	1	525								51	1	
28	26	423/4	423/4	0.25	15/16	15/16	Chord	4/4	2	1	1/16	1/16	1	526									1	
28	26	102	102	1.0	0	0	Chord	4/4	2	2	1/4	1/4	1	527									1	
28	26	103	103	0.5	1/4	1/4	Chord	4/4	2	2	1/8	1/8	1	528									1	
28	26	207/2	207/2	0.5	3/8	3/8	Chord	4/4	2	2	1/8	1/8	1	529									1	
28	26	104	104	0.5	1/2	1/2	Chord	4/4	2	2	1/8	1/8	1	530									1	
28	26	209/2	209/2	0.5	5/8	5/8	Chord	4/4	2	2	1/8	1/8	1	531									1	
28	26	105	105	1.0	3/4	3/4	Chord	4/4	2	2	1/4	1/4	1	532									1	
29	27	106	106	0.0	0	0	Tempo	4/4	1	1	0						ùÖü=54	54.0	ùÖü	54.0	0.0		0	
29	27	106	106	1.0	0	0	Chord	4/4	1	1	1/4	1/4	1	533	Trost							52	0	
29	27	107	107	0.0	1/4	1/4	Tempo	4/4	1	1	0						ùÖü=50	50.0	ùÖü	50.0	0.0		0	
29	27	107	107	1.0	1/4	1/4	Chord	4/4	1	1	1/4	1/4	1	534									0	
29	27	215/2	215/2	0.0	3/8	3/8	Tempo	4/4	1	1	0						ùÖü=48	48.0	ùÖü	48.0	0.0		0	
29	27	108	108	0.0	1/2	1/2	Dynamic	4/4	1	1	0					f								
29	27	108	108	0.0	1/2	1/2	Spanner	4/4	1	1	0													
29	27	108	108	2.0	1/2	1/2	Chord	4/4	1	1	1/2	1/2	1	535	sein.									
29	27	106	106	0.5	0	0	Chord	4/4	1	2	1/8	1/8	1	536								53		
29	27	213/2	213/2	1.0	1/8	1/8	Chord	4/4	1	2	1/4	1/4	1	537								53		
29	27	215/2	215/2	0.5	3/8	3/8	Chord	4/4	1	2	1/8	1/8	1	538										
29	27	108	108	2.0	1/2	1/2	Chord	4/4	1	2	1/2	1/2	1	539										
29	27	106	106	0.5	0	0	Chord	4/4	2	1	1/8	1/8	1	540								54	1	
29	27	213/2	213/2	0.5	1/8	1/8	Chord	4/4	2	1	1/8	1/8	1	541								54	1	
29	27	107	107	0.5	1/4	1/4	Chord	4/4	2	1	1/8	1/8	1	542								54	1	
29	27	215/2	215/2	0.5	3/8	3/8	Chord	4/4	2	1	1/8	1/8	1	543									1	
29	27	108	108	0.0	1/2	1/2	Dynamic	4/4	2	1	0					f								
29	27	108	108	0.0	1/2	1/2	Spanner	4/4	2	1	0													
29	27	108	108	2.0	1/2	1/2	Chord	4/4	2	1	1/2	1/2	1	544										
29	27	106	106	0.5	0	0	Chord	4/4	2	2	1/8	1/8	1	545										
29	27	213/2	213/2	0.5	1/8	1/8	Chord	4/4	2	2	1/8	1/8	1	546										
29	27	107	107	1.0	1/4	1/4	Chord	4/4	2	2	1/4	1/4	1	547										
29	27	108	108	2.0	1/2	1/2	Chord	4/4	2	2	1/2	1/2	1	548										
30	28	110	110	0.0	0	0	Dynamic	4/4	1	1	0					f								
30	28	110	110	0.0	0	0	Tempo	4/4	1	1	0						ùÖü=48	48.0	ùÖü	48.0	0.0			
30	28	110	110	1.0	0	0	Chord	4/4	1	1	1/4	1/4	1	549	Ky-									
30	28	111	111	0.0	1/4	1/4	Tempo	4/4	1	1	0						ùÖü=47.5	48.0	ùÖü	47.5	0.0			
30	28	111	111	0.0	1/4	1/4	Spanner	4/4	1	1	0												2	
30	28	111	111	1.0	1/4	1/4	Chord	4/4	1	1	1/4	1/4	1	550	-rie								2	
30	28	112	112	0.0	1/2	1/2	Tempo	4/4	1	1	0						ùÖü=46.5	46.0	ùÖü	46.5	0.0		2	
30	28	112	112	2.0	1/2	1/2	Chord	4/4	1	1	1/2	1/2	1	551	e-								2	
30	28	113	113	0.0	3/4	3/4	Tempo	4/4	1	1	0						ùÖü=46	46.0	ùÖü	46.0	0.0		2	
30	28	227/2	227/2	0.0	7/8	7/8	Tempo	4/4	1	1	0						ùÖü=43	43.0	ùÖü	43.0	0.0		2	
30	28	110	110	1.0	0	0	Chord	4/4	1	2	1/4	1/4	1	552									2	
30	28	111	111	1.0	1/4	1/4	Chord	4/4	1	2	1/4	1/4	1	553									2	
30	28	112	112	0.5	1/2	1/2	Chord	4/4	1	2	1/8	1/8	1	554								55	2	
30	28	225/2	225/2	0.5	5/8	5/8	Chord	4/4	1	2	1/8	1/8	1	555								55	2	
30	28	113	113	0.25	3/4	3/4	Chord	4/4	1	2	1/16	1/16	1	556								55	2	
30	28	453/4	453/4	0.25	13/16	13/16	Chord	4/4	1	2	1/16	1/16	1	557								55	2	
30	28	227/2	227/2	0.5	7/8	7/8	Chord	4/4	1	2	1/8	1/8	1	558								55	2	
30	28	110	110	0.0	0	0	Dynamic	4/4	2	1	0					f								
30	28	110	110	0.5	0	0	Chord	4/4	2	1	1/8	1/8	1	559										
30	28	221/2	221/2	0.0	1/8	1/8	Spanner	4/4	2	1	0												3	
30	28	221/2	221/2	0.5	1/8	1/8	Chord	4/4	2	1	1/8	1/8	1	560									3	
30	28	111	111	1.0	1/4	1/4	Chord	4/4	2	1	1/4	1/4	1	561								56	3	
30	28	112	112	0.5	1/2	1/2	Chord	4/4	2	1	1/8	1/8	1	562								56	3	
30	28	225/2	225/2	0.25	5/8	5/8	Chord	4/4	2	1	1/16	1/16	1	563								56	3	
30	28	451/4	451/4	0.25	11/16	11/16	Chord	4/4	2	1	1/16	1/16	1	564									3	
30	28	113	113	1.0	3/4	3/4	Chord	4/4	2	1	1/4	1/4	1	565								57	3	
30	28	110	110	0.5	0	0	Chord	4/4	2	2	1/8	1/8	1	566									3	
30	28	221/2	221/2	0.5	1/8	1/8	Chord	4/4	2	2	1/8	1/8	1	567									3	
30	28	111	111	0.5	1/4	1/4	Chord	4/4	2	2	1/8	1/8	1	568									3	
30	28	223/2	223/2	0.5	3/8	3/8	Chord	4/4	2	2	1/8	1/8	1	569									3	
30	28	112	112	0.5	1/2	1/2	Chord	4/4	2	2	1/8	1/8	1	570								58	3	
30	28	225/2	225/2	0.5	5/8	5/8	Chord	4/4	2	2	1/8	1/8	1	571								58	3	
30	28	113	113	0.5	3/4	3/4	Chord	4/4	2	2	1/8	1/8	1	572								58	3	
30	28	227/2	227/2	0.5	7/8	7/8	Chord	4/4	2	2	1/8	1/8	1	573									3	
31	29	114	114	0.0	0	0	Tempo	4/4	1	1	0						ùÖü=42	42.0	ùÖü	42.0	0.0		2	
31	29	114	114	4.0	0	0	Chord	4/4	1	1	1	1	1	574	-leis!								2	
31	29	231/2	231/2	0.0	3/8	3/8	Tempo	4/4	1	1	0						ùÖü=40	40.0	ùÖü	40.0	0.0		2	
31	29	116	116	0.0	1/2	1/2	Spanner	4/4	1	1	0													
31	29	114	114	0.5	0	0	Chord	4/4	1	2	1/8	1/8	1	575								55		
31	29	229/2	229/2	0.5	1/8	1/8	Chord	4/4	1	2	1/8	1/8	1	576								55		
31	29	115	115	0.5	1/4	1/4	Chord	4/4	1	2	1/8	1/8	1	577								55		
31	29	231/2	231/2	0.5	3/8	3/8	Chord	4/4	1	2	1/8	1/8	1	578										
31	29	116	116	0.0	1/2	1/2	Dynamic	4/4	1	2	0					mf								
31	29	116	116	2.0	1/2	1/2	Chord	4/4	1	2	1/2	1/2	1	579										
31	29	114	114	0.5	0	0	Chord	4/4	2	1	1/8	1/8	1	580								57	3	
31	29	229/2	229/2	0.5	1/8	1/8	Chord	4/4	2	1	1/8	1/8	1	581								57	3	
31	29	115	115	0.5	1/4	1/4	Chord	4/4	2	1	1/8	1/8	1	582								57	3	
31	29	231/2	231/2	0.5	3/8	3/8	Chord	4/4	2	1	1/8	1/8	1	583									3	
31	29	116	116	0.0	1/2	1/2	Dynamic	4/4	2	1	0					mf								
31	29	116	116	0.0	1/2	1/2	Spanner	4/4	2	1	0													
31	29	116	116	2.0	1/2	1/2	Chord	4/4	2	1	1/2	1/2	1	584										
31	29	114	114	4.0	0	0	Chord	4/4	2	2	1	1	1	585										
